시도,시군구,읍면동,년도,발생량_04시,도착량_04시,발생량_05시,도착량_05시,발생량_06시,도착량_06시,발생량_07시,도착량_07시,발생량_08시,도착량_08시,발생량_09시,도착량_09시,발생량_10시,도착량_10시,발생량_11시,도착량_11시,발생량_12시,도착량_12시,발생량_13시,도착량_13시,발생량_14시,도착량_14시,발생량_15시,도착량_15시,발생량_16시,도착량_16시,발생량_17시,도착량_17시,발생량_18시,도착량_18시,발생량_19시,도착량_19시,발생량_20시,도착량_20시,발생량_21시,도착량_21시,발생량_22시,도착량_22시,발생량_23시,도착량_23시,발생량_00시,도착량_00시,발생량_01시,도착량_01시,발생량_02시,도착량_02시,발생량_03시,도착량_03시
인천광역시,강화군,강화읍,2023,6115,26,13259,422,39038,18028,96827,101307,98704,140186,98136,126041,100655,99811,105942,107408,103032,104756,110334,103056,109796,82052,122023,90171,113852,93993,113817,94331,91729,88309,59704,60933,45149,48372,22893,34385,10258,24008,704,16189,2774,10577,93,3423,31,375,56,2
인천광역시,강화군,교동면,2023,0,0,0,0,903,296,5876,1325,6591,3796,2173,2993,4142,1954,4624,5570,1894,4491,3055,4736,4724,2364,5155,4742,1368,4376,3840,2516,2636,2847,76,2107,662,115,248,2497,0,0,0,0,0,0,0,0,0,0,0,0
인천광역시,강화군,길상면,2023,0,0,1752,557,5765,1926,18146,11289,22630,21211,18071,18687,18784,20482,14198,14679,16069,15380,16283,14793,16636,15158,17137,13154,18460,16284,18793,19040,13663,15196,8329,10826,7926,10054,3319,8180,1410,6574,348,2729,72,703,0,0,0,0,0,0
인천광역시,강화군,내가면,2023,0,0,0,0,2486,318,6728,3236,8456,5539,5468,3821,6175,5929,2508,3672,6433,7337,1732,3638,6194,4856,2912,4489,5534,5111,3255,3638,2512,5306,2017,2540,1426,3622,455,178,38,657,0,0,0,0,0,0,0,0,0,0
인천광역시,강화군,불은면,2023,0,22,112,123,3922,1384,10745,4473,6759,7436,8078,5875,8977,3927,3785,5440,6870,5868,6091,5334,5247,5401,5727,6043,5317,5869,6330,6258,3211,6825,1890,3518,686,3176,377,1730,119,1042,34,315,13,95,0,0,0,0,0,0
인천광역시,강화군,삼산면,2023,0,0,0,0,1617,103,1989,907,4941,5275,1600,2585,3134,5120,2734,3950,3425,4149,3465,2295,4617,3584,3663,3779,4598,2875,2057,1570,695,1011,739,662,817,415,115,501,0,0,0,0,0,0,0,0,0,0,0,0
인천광역시,강화군,선원면,2023,7,5,776,227,4260,947,16597,4371,17044,5676,14428,6660,13271,5135,7904,6836,9139,5784,8208,7298,8447,7699,6594,9294,5942,11769,7183,14272,5395,12363,3305,7866,1946,5815,1167,4529,567,3140,234,680,81,270,0,0,0,0,0,0
인천광역시,강화군,송해면,2023,0,0,1,41,2456,418,6920,2034,8054,3407,6203,2706,5325,4284,3223,5998,2683,2915,4761,4224,2749,4726,2837,5558,2015,5246,2747,4795,1226,5383,533,2754,210,1816,113,1481,7,4,0,0,0,0,0,0,0,0,0,0
인천광역시,강화군,양도면,2023,0,0,271,18,3200,281,10444,4662,11672,4992,11042,3752,4957,4960,5566,6839,5192,7178,5082,5367,4554,4626,4260,5580,3653,6596,4807,7405,2424,7887,1610,3306,790,3090,741,1705,99,942,24,404,34,163,0,0,0,0,0,0
인천광역시,강화군,양사면,2023,0,0,0,0,2421,740,4711,700,3560,2057,5450,1503,2746,1658,2230,3819,802,913,3468,4081,1596,3865,938,1717,1266,2631,544,2843,384,1229,355,1686,160,813,31,643,0,2,0,0,0,0,0,0,0,0,0,0
인천광역시,강화군,하점면,2023,0,0,0,1,6563,747,8475,3030,12383,4867,13835,3910,5208,5901,7760,6133,5737,7489,4318,6848,6839,6758,3823,7324,3833,5484,4812,9428,2100,4984,1097,4586,980,3783,249,1049,64,385,0,0,0,0,0,0,0,0,0,0
인천광역시,강화군,화도면,2023,0,0,585,6,3395,1117,8530,3894,10292,8289,7590,8277,8528,9152,5824,6278,6948,8639,5056,4942,6742,6968,4416,5546,7825,7240,6263,5076,5067,5518,3605,2898,2707,3763,520,1629,111,989,47,465,1,86,0,0,0,0,0,0
인천광역시,계양구,갈현동,2023,5,39,291,430,131,1785,808,1993,991,4563,985,1792,952,1745,1070,2057,1377,2273,1794,2066,1501,1866,1588,2596,2146,2534,2292,2433,2475,2901,1388,2700,1508,1961,2064,1354,291,1408,163,741,28,151,0,0,0,0,0,0
인천광역시,계양구,계산동,2023,72734,13980,289330,105542,517236,247439,1087003,454893,1103024,1053638,675843,826524,566493,592463,597433,544918,657209,575072,664598,645522,632350,583853,742806,657847,840924,807575,892136,958267,923959,1241572,570983,930531,449253,615575,424938,544112,341591,496777,170827,306278,41994,120322,4997,23935,624,4003,1858,21
인천광역시,계양구,귤현동,2023,1767,663,205284,143598,632365,478112,1287234,858010,1127506,840651,675197,524744,467559,371278,422118,360131,429887,370223,420066,381942,401291,380038,507182,472233,589248,588873,715306,747009,918033,1101080,820462,952229,495504,577655,454914,529915,403732,483145,246627,302003,70771,96748,1042,2592,0,1,0,0
인천광역시,계양구,노오지동,2023,0,0,0,0,0,0,17,1,82,2,153,2,187,0,1,0,109,0,133,0,100,0,72,1,71,0,305,1,0,0,0,0,0,0,0,0,0,0,0,0,0,0,0,0,0,0,0,0
인천광역시,계양구,다남동,2023,65,216,794,13405,2221,38771,3251,73019,5278,59559,4195,33467,4066,22008,3118,19476,3582,17593,3585,15325,3640,13783,3704,16304,4373,20090,5466,20146,3933,19459,2805,12902,1812,9230,1609,7342,647,6965,350,3580,148,1067,12,28,0,0,0,0
인천광역시,계양구,동양동,2023,3151,289,34954,5022,70421,8997,153776,18519,156430,32964,90823,26817,71305,27629,65966,33447,65510,41833,61722,48981,54302,52397,57709,71099,57463,88804,54188,107498,53013,132157,34005,118573,24898,79611,19575,75829,16361,70100,10231,51555,3212,14580,230,974,1,0,0,0
인천광역시,계양구,둑실동,2023,0,0,0,0,24,242,469,489,451,640,282,30,482,871,535,654,1088,643,703,481,101,391,852,277,804,496,773,45,1103,708,746,170,377,65,0,0,30,50,0,0,0,0,0,0,0,0,0,0
인천광역시,계양구,목상동,2023,0,0,492,614,377,3131,501,4432,736,3860,904,3409,1455,2824,1334,2195,1790,2093,2689,1543,2574,1743,1765,1364,2175,1941,1589,1337,1236,1045,542,1122,366,731,154,593,156,384,7,199,0,0,0,0,0,0,0,0
인천광역시,계양구,박촌동,2023,2933,910,55588,19973,107061,43000,247085,95108,257964,197771,148828,82397,116417,68944,110481,70899,112760,79481,109916,87026,96583,84855,112054,111261,153206,130065,135920,161648,132485,221700,90576,176730,62680,111294,52909,111519,39237,101966,24534,62776,7348,27402,484,379,0,0,0,0
인천광역시,계양구,방축동,2023,1214,108,3972,626,6944,2438,14424,4238,16521,12828,12132,9512,10579,9712,10022,8594,10210,8312,10254,9620,10401,10307,10668,12569,24873,12856,13643,13599,13542,17567,8998,16301,5182,9829,3606,8777,2733,8208,927,4919,368,1889,9,84,0,0,0,0
인천광역시,계양구,병방동,2023,710,18,17268,6767,33684,19313,63794,46077,73151,69225,45333,37654,41448,36434,47976,39864,51692,40322,49990,42903,51616,46625,59514,55782,71899,59174,61156,63526,64989,75810,46056,55688,32354,47165,27331,45079,23672,43298,14387,27873,4414,7784,201,1165,0,0,0,0
인천광역시,계양구,상야동,2023,0,0,212,495,1132,3300,2018,6540,2709,11067,1845,3604,1364,1686,1457,2111,1736,2119,2466,1565,2397,1457,3514,1504,3648,1476,5553,2031,5117,1963,2194,1912,2201,1585,1117,1251,933,1051,462,890,140,149,7,2,0,0,0,0
인천광역시,계양구,서운동,2023,271,0,9624,4729,17993,32796,41749,81641,47925,95246,24491,19778,23162,14031,22685,14284,28908,18492,24525,20180,23902,20238,38411,22765,47477,27032,82417,34584,64225,47703,28549,47156,30419,26710,16296,22109,9094,20496,3051,13105,146,3820,7,813,2,188,39,0
인천광역시,계양구,선주지동,2023,0,0,0,0,211,87,138,508,130,976,17,11,147,353,128,229,114,95,176,140,146,180,101,212,132,138,211,125,0,0,72,93,25,56,0,0,7,44,0,0,0,0,0,0,0,0,0,0
인천광역시,계양구,오류동,2023,23,9,2393,1705,3694,5295,9685,7505,11445,13208,6897,8357,6168,7051,5507,7985,6191,9014,6036,10388,6008,10662,6540,18224,8424,18342,7470,21569,6822,26347,5521,29132,3676,18758,2861,17765,2122,15258,1203,11976,647,4654,64,271,0,0,0,0
인천광역시,계양구,용종동,2023,266,52,9335,2133,24504,4801,53296,12017,44104,33235,28644,17419,22537,13592,23667,13744,21479,16776,21656,18494,17922,18149,22702,21513,35763,27222,23737,31038,23071,33817,17544,26662,14280,17724,14656,17425,12139,17013,7060,10088,623,2186,2,667,0,0,1,0
인천광역시,계양구,이화동,2023,0,0,0,0,30,6,2595,465,2657,258,566,298,798,241,480,221,433,414,556,387,132,162,407,512,321,334,331,254,132,143,232,328,44,164,0,0,60,153,0,0,0,0,0,0,0,0,0,0
인천광역시,계양구,임학동,2023,1531,1697,85429,17258,199060,48571,447885,104626,416700,202954,234256,138904,184024,120790,183294,132292,189698,145810,180463,159199,165851,159807,173917,191245,190839,230985,195362,300471,227013,440711,151161,354328,104887,211129,83518,187088,68005,160639,39497,104773,8538,48544,369,415,0,0,0,0
인천광역시,계양구,작전동,2023,17699,4316,278941,116162,536898,297514,1155290,566525,1160532,866860,660219,522763,542499,416396,558009,428946,598373,454425,559315,497716,505174,488653,579048,571158,688197,683282,761476,865723,819047,1147055,521567,902154,385261,572875,354080,522412,300809,456316,158624,291206,35654,96902,3261,11466,397,1320,671,1
인천광역시,계양구,장기동,2023,2230,195,21574,4527,46771,8548,92135,21310,97689,47158,59327,22241,43269,19781,42490,20910,39744,25275,36989,27480,35615,28352,36971,45694,44124,46213,39035,52276,39180,65250,22173,63538,18559,42385,14997,37765,11706,35843,6886,24795,1699,9988,221,1626,0,0,0,0
인천광역시,계양구,하야동,2023,0,0,41,329,203,1755,331,2248,475,2659,652,2097,610,1026,638,1115,608,1328,919,1150,996,1218,1089,1219,1141,1171,1352,1139,1402,1643,596,1435,583,882,511,657,179,532,104,382,38,144,1,7,0,0,0,0
인천광역시,계양구,효성동,2023,5015,213,105420,27061,220955,75341,466865,164123,441819,305209,247714,123873,195813,110548,192131,124978,202030,151143,202986,171258,183764,161849,226052,235838,216204,262943,260402,313534,255737,390369,140676,322461,102833,233985,76798,218482,61944,199408,25102,125833,3590,32729,54,430,15,108,0,0
인천광역시,남동구,간석동,2023,17942,8107,459774,190006,762521,365031,1705470,721516,1696807,1435427,1021332,769633,819632,650492,817180,692533,866850,833772,857894,908401,817809,820990,954212,919806,1115505,1077444,1155033,1330697,1291410,1710749,698311,1211174,533109,875989,477996,772036,359244,648245,171874,389351,31754,126591,532,8212,66,660,1,0
인천광역시,남동구,고잔동,2023,176,13,10363,27901,24027,178952,33609,534875,65559,520436,32533,88752,35701,44940,43794,41343,51379,51653,55611,45139,71475,40509,79138,35042,118320,37751,429186,55844,326154,62495,114981,65111,161494,45529,61651,23043,20122,14094,4325,7705,112,1000,1,20,0,0,1,0
인천광역시,남동구,구월동,2023,10772,4131,373792,212898,714637,431641,1595751,929698,1734116,1862995,1055853,1304252,992149,1067046,1078899,1092874,1193376,1170276,1211693,1257300,1247054,1203413,1476492,1325030,1491854,1453696,1661561,1736278,1766051,2097980,1065551,1360515,924405,936208,844103,793112,669821,640789,304791,363962,53108,124548,1077,17760,89,585,0,0
인천광역시,남동구,남촌동,2023,1490,464,29143,19401,51993,68640,127410,188410,130056,192686,75854,54763,68913,48999,67212,51744,73508,55939,69843,57093,69470,53123,67997,67149,83496,70952,189254,80854,149325,94553,68497,78924,70460,59318,35640,52888,15158,44324,5722,21958,786,7239,2,367,0,0,0,0
인천광역시,남동구,논현동,2023,15723,653,155077,78865,391131,302558,848939,709779,827661,1001687,504180,423023,442349,378531,469059,475827,528180,532264,532592,514471,564371,505379,734582,557555,764139,614328,877196,728617,841167,830734,476695,628550,427126,489196,361454,422620,244736,344212,104888,213101,6300,51214,574,9876,7,80,0,0
인천광역시,남동구,도림동,2023,1295,258,17860,10875,40145,27649,102366,51047,104365,66844,66587,45023,59119,41409,57146,45899,58109,52692,59547,52410,57456,52581,69631,71462,60310,74235,69814,81038,67532,87787,37456,75142,31650,56191,27056,53078,14579,45566,6760,25367,1483,4932,65,424,0,0,0,0
인천광역시,남동구,만수동,2023,31224,4192,360933,105790,652061,201034,1300759,392004,1342729,998449,863073,532120,716032,482315,723637,517456,766667,587769,733455,610175,679336,617671,757832,761019,827154,854620,804734,990991,839010,1218633,494435,953323,371286,642876,319225,582425,237738,510709,115229,299875,19688,86349,815,5694,9,46,4,1
인천광역시,남동구,서창동,2023,3209,189,85714,16949,194555,48391,393973,96592,393015,181650,237064,123940,201951,116497,191196,122571,203552,150459,192678,166828,171477,173403,202069,224342,222218,259138,215052,310651,209816,352275,151905,321536,114501,223411,106880,196973,87538,175928,37640,108592,4497,23027,1415,3931,0,0,0,0
인천광역시,남동구,수산동,2023,337,12,537,2271,1333,4247,4877,10606,5932,23781,5547,14803,4051,9077,5754,10445,6500,11374,6531,10875,7719,9922,10242,10771,10863,12098,11730,12202,13816,13717,6079,10768,6856,7547,4784,6258,3809,5093,2067,4173,607,1515,2,95,0,0,0,0
인천광역시,남동구,운연동,2023,33,0,7926,4207,28797,25483,76896,63665,76323,70657,36068,35046,28471,28290,26037,26730,30186,29838,30778,30232,29164,28545,35269,33011,40904,42852,53503,55182,71717,74370,40562,43914,26082,27392,20957,24503,15617,19882,9640,12201,2023,6005,1,520,0,1,0,0
인천광역시,남동구,장수동,2023,621,278,22612,27696,50457,49321,108285,85553,126472,132544,94060,156496,97072,164993,120229,155844,127845,138397,138125,135635,158867,126881,190110,111254,193259,96136,171900,95235,135193,109353,84328,78701,51622,53341,39183,44752,21333,37805,10160,22096,2279,6551,54,474,0,0,0,0
인천광역시,동구,금곡동,2023,0,0,2011,599,3698,2287,12241,6215,19787,12678,9902,7176,7839,6118,7122,5535,8425,5887,8372,6511,8785,6434,11877,8084,15145,8271,13204,8338,13686,9196,8257,7479,7142,4764,7720,4104,4907,3047,2312,1366,51,140,0,0,0,0,0,0
인천광역시,동구,만석동,2023,65,1,14866,5420,25926,27243,53693,44151,54799,40122,35553,16404,31182,16669,29357,18433,30020,20689,29828,23319,29579,24300,29476,32970,42360,37881,58146,39594,54310,48467,19379,40865,12462,28994,9254,26951,4456,24255,1791,14165,141,1665,0,0,0,0,0,0
인천광역시,동구,송림동,2023,5374,216,48703,36017,102318,95421,216070,239839,206909,363190,145993,207673,150022,174700,166286,153478,191273,154661,179681,165121,184584,156023,271939,183642,284054,188401,283891,202274,264483,223885,140437,164609,108561,112007,79584,100418,54521,79200,18614,45434,2589,7050,54,130,0,0,0,0
인천광역시,동구,송현동,2023,3470,513,37595,20422,84480,62508,169648,133185,159501,130620,87293,86637,75904,77631,73636,74920,82285,83414,87292,81051,83814,78856,99697,96984,122692,109610,136069,139475,139638,154040,110814,95584,77660,63234,65213,55458,55061,46512,23940,23681,3151,2296,0,0,0,0,0,0
인천광역시,동구,창영동,2023,6093,174,27829,13414,46185,26426,93845,80197,93225,246133,60561,52501,57572,56015,63755,48011,69158,50703,70410,62165,63185,57552,86325,65698,139769,75479,99727,83656,106945,96890,39573,81181,31331,50232,47522,44117,19161,37105,5196,27915,315,13651,2,11,0,1,0,0
인천광역시,동구,화수동,2023,26,0,8764,2022,20806,9833,51739,25171,48694,29100,31312,17024,27674,16336,28087,17551,29178,19003,27433,19056,25651,20718,29090,24679,28772,26441,35693,30294,29155,34042,19928,26623,12064,19178,11161,18204,4738,15313,1557,7523,155,1025,0,0,0,0,0,0
인천광역시,동구,화평동,2023,329,251,9360,7785,14665,12192,29618,25629,29783,30927,14914,21562,13313,20971,14246,22140,14524,22550,15076,22774,13860,21993,14758,23760,16432,27684,16622,32568,15865,35439,12078,20074,9189,12647,7998,11054,6854,9219,3449,5082,885,1164,33,103,0,0,0,0
인천광역시,미추홀구,관교동,2023,3700,2250,102361,116775,219840,250001,497039,437633,531095,656792,344058,597981,318072,536749,382163,535860,460772,553036,493316,554987,517068,552624,681719,587947,725788,624246,696477,690325,760417,843611,619856,509681,612120,302039,480533,255976,357920,202596,181615,109597,43296,34835,80,183,0,0,0,0
인천광역시,미추홀구,도화동,2023,17754,1772,266862,112255,496664,252830,1124274,600227,1147973,1035439,671470,527048,563480,403772,541945,394169,571893,479282,575374,496740,547554,483323,685933,585491,799745,695859,818134,814083,855349,997153,494457,816864,373187,531704,316843,475518,237002,415756,109405,257179,5120,61646,38,1560,2,69,0,0
인천광역시,미추홀구,문학동,2023,2225,442,31748,11618,57444,22757,143172,46374,144682,73979,86244,46957,65198,42637,60075,47000,62657,57863,64554,65008,58531,64886,68540,94518,71867,108751,70343,120602,69641,140449,46649,112393,39442,92359,42792,85342,34776,71387,10127,34195,878,7540,29,1383,0,0,0,0
인천광역시,미추홀구,숭의동,2023,2482,826,47801,38075,105780,85011,219217,173946,253812,292566,163350,164754,147827,144813,148643,132609,155773,146514,153479,154882,147529,148944,171195,172371,188456,197669,205160,219708,224721,244990,123570,174317,92431,129871,82333,116780,64441,99982,25508,50472,1639,2630,1,1043,0,91,0,0
인천광역시,미추홀구,용현동,2023,11491,555,296619,118085,619980,344613,1252804,613172,1287611,1092565,795362,722521,722595,714684,755074,637898,802838,723219,810117,749095,805824,720072,947994,810690,1082667,953192,1130998,1120476,1104218,1313915,689144,934669,554599,702571,512882,643541,437709,553336,193555,335683,10190,46216,546,3843,0,132,6,0
인천광역시,미추홀구,주안동,2023,18063,795,707151,403674,1300628,807763,2808355,1511112,2929621,2503056,1860320,1757624,1607732,1456544,1642195,1497377,1829833,1648758,1775944,1682465,1696633,1678618,1898811,1905929,2125440,2213089,2335667,2525895,2450045,3031334,1647327,2305823,1238763,1535584,1114855,1358676,930727,1148479,506500,719458,77022,184009,581,6110,74,1755,1,1
인천광역시,미추홀구,학익동,2023,5669,1398,109359,44999,208961,100972,393254,185101,416514,450226,277864,259893,260757,237114,278581,209783,310338,247190,300552,259894,284056,245760,373124,304080,407340,330482,388125,364339,344058,380258,188488,308473,152550,222396,153676,204262,101245,184468,51457,107127,6334,38307,376,6083,12,2113,1,0
인천광역시,부평구,갈산동,2023,4179,823,287866,90385,554181,272438,1308360,665009,1324438,1313003,713312,586250,528726,375972,515856,397213,557323,452221,539306,468807,505103,464689,570797,535102,627832,636767,890095,887534,1161621,1288477,582787,1023673,449263,659309,387259,537519,278504,457734,143310,296309,23118,104237,784,10837,46,105,0,0
인천광역시,부평구,구산동,2023,618,2625,7347,22870,16797,36692,36306,86788,41162,136708,26490,65311,23262,44542,26204,37784,31006,39796,24102,45540,27390,37381,37583,38939,44106,42124,73522,47805,58638,51967,25142,46213,19848,38996,18804,31819,14529,27829,10300,18912,3593,5383,1300,2210,0,4,2,0
인천광역시,부평구,부개동,2023,28203,2610,198406,52197,375988,121433,866604,286347,793229,489609,478391,245558,366145,219018,348560,244120,364403,285266,353989,298960,317579,309294,386693,398098,424747,475678,381087,561537,393176,709135,271944,625374,187244,396422,166229,371651,127116,328308,72071,207024,8533,38525,842,3744,3,31,1,0
인천광역시,부평구,부평동,2023,144656,35691,710347,335516,1205518,725481,2674171,1403376,2801385,2375671,1745735,2060485,1519909,1718855,1626317,1797297,1800013,1973454,1853954,2154564,1878551,2065950,2191462,2150873,2401418,2417089,2525364,2855286,2595286,3587469,1913048,2668248,1591162,1632038,1539537,1402540,1337533,1162700,709343,703029,123574,204095,16125,26858,87,171,2263,680
인천광역시,부평구,산곡동,2023,22569,5982,259588,92232,639495,239234,1352751,512162,1374616,847646,757807,437991,606652,380350,612443,412434,631766,453056,622213,488320,552446,492271,642072,628789,713110,715397,746938,897392,724344,1130894,491782,911235,346757,624668,304201,548581,234610,494620,120214,296197,20105,92161,4048,16787,81,414,3096,309
인천광역시,부평구,삼산동,2023,11435,1301,148432,32100,340554,95565,829676,204766,799283,385247,449089,216180,341809,185667,332621,203351,348831,238889,330226,272597,295722,272073,328003,333651,369898,395886,347190,501463,353058,701853,212786,598175,160285,391997,149573,347463,114396,329121,53766,221528,5460,60125,511,3365,4,20,1,1
인천광역시,부평구,십정동,2023,18591,8968,507034,246034,907037,514337,1801683,951075,1775065,1235714,1097200,763566,893068,681871,853038,731208,912606,789811,900153,803950,832156,775137,887159,927877,1036479,1123706,1194480,1418106,1220368,1774782,926599,1456623,673152,971726,599088,872675,486066,753436,300762,451972,50764,98310,79,3398,0,0,0,0
인천광역시,부평구,일신동,2023,3583,3309,21439,12189,43403,19874,109022,46463,109189,91021,63797,38378,49896,28412,47979,33082,53773,36244,51826,36189,45292,38645,48173,60943,62468,58665,74461,64651,67022,78602,39811,73307,25886,50408,28565,48261,16983,41918,8445,23155,1412,3546,680,1937,0,0,1,0
인천광역시,부평구,청천동,2023,13164,4906,171034,118954,326508,290931,744288,684827,825435,927404,446480,408708,364394,323861,366513,327184,396519,378634,401944,397196,393575,391380,450400,474593,492939,531315,756043,670284,791176,828358,453534,632175,362379,414250,301574,365693,217679,317865,107656,198110,21872,74757,5573,15949,236,751,2337,10
인천광역시,서구,가정동,2023,5464,824,233656,102483,533006,319498,1268174,647076,1264094,797733,625526,469928,479216,371450,495572,403845,525079,463412,521248,478031,483720,475937,556574,599807,678329,736448,750300,902099,848219,1217930,546938,870173,377109,538990,346630,495979,283786,449157,162089,267362,50349,102162,1130,4525,24,367,0,0
인천광역시,서구,가좌동,2023,3630,199,182771,110494,337829,355407,715705,1106019,735254,1319372,411934,372778,345480,266448,352561,264482,394669,301690,372512,325444,361710,313710,446972,366960,540075,423647,1105165,536683,1046054,682351,461139,523108,391125,355448,260251,296223,159119,247303,62886,143944,12436,46149,7,1917,5,1309,0,0
인천광역시,서구,검암동,2023,7579,2869,87209,43875,194379,132048,440360,296815,407786,478338,239188,192225,194066,153074,197328,154779,206238,168527,202295,178009,192555,178892,288051,211342,366532,256263,324155,308374,342740,386055,269716,315447,178752,206488,168016,185547,141466,177385,72652,103753,16399,38794,3,17,0,0,0,0
인천광역시,서구,경서동,2023,11852,3488,98425,16745,258265,95135,505085,174399,335385,312675,197336,102446,161954,67463,168970,71010,153233,80821,140171,101304,130179,110553,139941,139150,181437,183920,280432,249879,298537,348233,116647,361020,84643,226453,63896,208770,53462,215623,19495,124392,2968,47518,1,5,0,0,0,0
인천광역시,서구,공촌동,2023,2425,186,10375,4987,14726,12939,34314,21985,37126,50552,20502,15412,19092,13817,20377,13791,18606,15710,17782,19387,16248,18280,20382,22743,36954,26951,31422,31267,24052,33996,12247,26864,8528,21908,6653,20616,4877,17414,2556,8473,258,1419,0,0,0,0,0,0
인천광역시,서구,금곡동,2023,71,45,1525,1409,6943,10876,11230,20673,9129,17063,6599,7780,4399,5101,3570,4325,5023,5363,4141,5034,4994,5808,4495,7187,7515,8006,12715,9410,11106,10237,5822,8741,4209,5978,2284,6043,1593,5311,719,2589,247,825,0,8,0,0,0,0
인천광역시,서구,당하동,2023,15601,1825,150576,38874,399920,131340,736673,242714,661333,351473,364434,218110,303681,166389,296354,172565,314985,202497,298619,217674,272947,221307,325862,272548,384877,353599,414234,449481,401555,579809,256240,481011,193231,304983,174332,261838,144066,243976,69418,150037,16306,57236,367,2607,1,12,0,0
인천광역시,서구,대곡동,2023,0,0,0,0,252,502,1247,3166,1383,1171,129,209,1776,132,28,888,1138,98,125,883,1324,31,19,807,1225,19,1900,1328,588,804,336,176,11,648,498,886,2,21,0,0,0,0,0,0,0,0,0,0
인천광역시,서구,마전동,2023,13351,2554,80399,32121,231577,120933,448470,271686,454328,418913,238348,198622,203192,178235,201018,182484,209652,198125,199124,215320,194409,219257,271723,273577,289772,347439,298311,402892,287231,448748,217533,377258,159856,254578,145047,228021,132848,213811,67000,145376,23871,66996,741,14663,109,1364,3,82
인천광역시,서구,백석동,2023,1218,2122,29263,13931,80793,59606,215952,106721,188456,218505,92549,62951,78764,55743,84120,60328,89770,69330,84967,71229,74412,68469,120893,86788,207552,106591,120680,122482,90544,171777,48902,146449,36079,90053,27186,85286,19502,76355,8769,49051,3046,26774,4,93,0,0,0,0
인천광역시,서구,불로동,2023,9388,903,36407,5917,98970,20015,171878,27310,172999,44031,92488,29414,77331,32554,71829,39545,70220,51244,71169,51206,60856,54020,68248,71002,76878,99796,66360,125512,60060,132254,39138,125326,31314,97313,24245,84302,22667,89773,11140,54934,5380,25608,424,4543,451,928,25,80
인천광역시,서구,석남동,2023,3300,404,236863,97904,468983,298107,1011407,595211,991608,724227,517544,382595,394916,304160,412533,324424,437565,356505,414973,358139,378297,371453,448656,468824,523089,560527,628452,707094,672272,918403,416810,690239,315791,450823,259064,382546,215617,333339,93231,190769,17835,80969,27,10595,0,1,0,0
인천광역시,서구,시천동,2023,12183,93,96690,5709,176147,30148,421118,91918,304885,182626,157665,64997,115514,47409,114518,45314,106878,56139,93312,65589,82575,71893,83297,85647,100664,124053,113583,175844,144893,307507,54887,308685,44600,177257,37880,156312,28276,148949,13062,117629,2088,58395,2,39,0,0,0,0
인천광역시,서구,신현동,2023,6882,52,37033,8283,73407,20710,180096,53011,149163,97411,84017,59184,74912,61843,72374,61567,79848,65479,73977,71108,73947,73326,95294,88101,104312,98102,96866,106233,93432,134954,65569,109713,49627,70418,38055,65026,28676,61002,12461,35971,3052,13875,34,1944,0,0,0,0
인천광역시,서구,심곡동,2023,131,4,59191,30051,115154,89875,282680,188681,286518,438602,180739,217802,174321,166318,190899,153599,190758,160418,186197,188849,199647,179817,223693,198540,240392,223064,301952,262458,334052,316783,135884,222085,121705,145232,128112,133579,98094,117850,54505,74202,13392,33169,2,2,0,0,0,0
인천광역시,서구,연희동,2023,5344,1245,57183,26613,116653,65229,269418,153768,278549,238327,144686,100297,105660,81590,111050,83376,107686,85958,108054,87067,95649,84996,117540,121340,159020,152808,186051,185096,204887,223724,118966,160690,86958,119771,67881,106286,74519,104484,25086,49659,3856,19294,0,5,0,0,0,0
인천광역시,서구,오류동,2023,303,5,10446,9337,33274,111078,47443,325356,57508,286566,40019,57814,27520,32045,28386,26263,33878,29770,33837,31038,36554,29528,47219,39515,87373,47091,243457,68548,261405,53167,78179,58239,70014,38441,28648,29543,8901,24179,3155,14707,573,8612,22,1401,8,458,4,64
인천광역시,서구,왕길동,2023,18022,3600,94079,36304,255302,170140,607333,361507,540378,409865,294395,226917,249332,184415,248766,186872,255548,202745,239812,220046,230713,219199,269358,284692,323447,343331,420246,436896,436804,532191,252230,409163,189342,257207,153574,217158,119660,189122,63427,126594,18107,57467,251,5580,86,1511,18,213
인천광역시,서구,원당동,2023,9393,1107,75738,14177,211936,66356,362357,84865,248939,146442,164679,116961,129812,85072,129396,75214,125475,92069,117847,117547,118783,121886,142387,152416,169224,182258,156046,229962,148737,293847,102457,352212,80711,229232,76590,188055,69927,181590,37981,127715,15704,57901,3532,12509,47,95,0,0
인천광역시,서구,원창동,2023,1783,1,2716,4806,4903,40242,14975,78111,17857,99730,12075,41997,8768,15290,10616,11963,12833,13472,14193,14082,19605,14208,27728,13502,34177,13408,69941,14650,69417,18035,26749,13011,21570,9095,9614,6876,3413,6593,1522,4256,35,307,0,12,0,0,0,0
인천광역시,서구,청라동,2023,14514,1646,132839,81471,334443,242059,706024,479910,588614,611530,328663,363382,282103,268688,295057,266404,316765,292689,321560,328521,316501,313806,449869,385356,530594,482098,523071,559492,605072,653708,459471,585601,348497,370681,344214,318743,313708,309553,157959,193598,42428,84073,572,4873,20,812,15,0
인천광역시,연수구,동춘동,2023,13342,696,169455,90578,399830,374964,843664,1068340,919120,1012046,497814,473318,398405,365253,427017,396691,482986,452042,483951,488188,484503,476116,612007,559971,718055,632181,1123045,775824,1054160,898635,586366,637848,541419,458749,431608,394589,327946,341073,111950,193285,10750,62288,63,8812,0,2,0,0
인천광역시,연수구,선학동,2023,2400,6,112876,53776,215133,184327,478555,457109,521174,524486,314088,238949,259048,194135,263463,202172,288032,237663,271459,276031,252639,254150,293064,332043,349790,406096,554186,527553,500655,579795,266917,355847,279806,264274,286389,242393,192645,191109,66809,118734,9337,49655,60,489,8,81,0,0
인천광역시,연수구,송도동,2023,9349,465,341503,115787,829255,892706,1528227,1530672,1644490,2753628,1021500,1563241,927877,1041718,1006532,1062916,1096161,1149913,1140264,1200438,1210412,1163046,1625312,1261316,2070264,1502231,2407549,1800595,2547686,1901350,1422476,1501305,1280710,1124245,1251822,959237,955650,888122,412277,586683,62397,240638,862,30287,65,1719,0,23
인천광역시,연수구,연수동,2023,3177,319,162069,60865,343643,151668,780859,396871,776280,647497,427800,340890,368662,300834,371935,304900,413049,348858,404875,361272,386975,354953,482846,433409,511126,509081,572350,664169,603046,794813,356710,553429,285039,426043,257492,380764,200322,306564,95789,177749,7191,57864,140,2772,46,352,2,3
인천광역시,연수구,옥련동,2023,4454,1031,99262,38047,199790,74387,385829,143850,387908,273646,244970,177390,206810,140457,221482,155570,256337,180988,244831,187058,225883,193250,268774,235822,309650,275274,295458,327717,250334,362285,162227,281095,130785,199949,125779,194527,90450,173319,38568,99350,2427,21909,65,2578,0,0,0,0
인천광역시,연수구,청학동,2023,2915,293,48514,17105,88054,23009,178550,44556,179211,118314,120479,76557,99580,67614,100353,69445,109065,80723,104524,86511,100431,88506,112509,112848,125814,128309,112292,139854,110313,164248,72302,132272,54125,99818,49231,96598,38978,91193,15451,44628,847,5813,8,1351,7,147,0,1
인천광역시,옹진군,덕적면,2023,0,0,0,0,0,0,0,0,49,2,86,7,43,4,45,2,0,0,0,0,83,6,217,9,45,4,0,0,0,0,0,0,0,0,0,0,0,0,0,0,0,0,0,0,0,0,0,0
인천광역시,옹진군,백령면,2023,0,0,0,0,0,0,1,0,3,2,42,2,7,2,59,2,24,5,41,2,32,3,75,0,20,3,41,5,3,1,0,0,0,0,0,0,0,0,0,0,0,0,0,0,0,0,0,0
인천광역시,옹진군,북도면,2023,0,0,0,0,108,4,606,9,1117,21,1985,34,2645,117,1929,117,497,28,2457,118,2492,202,2327,113,1721,98,857,46,384,15,15,0,24,0,1,0,0,0,0,0,0,0,0,0,0,0,0,0
인천광역시,옹진군,연평면,2023,0,0,0,0,0,0,0,0,9,0,580,29,714,46,19,1,0,0,0,0,630,55,412,31,2,0,0,0,0,0,0,0,0,0,0,0,0,0,0,0,0,0,0,0,0,0,0,0
인천광역시,옹진군,영흥면,2023,0,0,3,374,4890,657,5644,2342,6556,3702,5794,5986,5053,4472,7472,4427,7399,5270,6184,5209,6203,5856,5504,5931,5890,7340,5003,7063,4365,5617,2572,3639,5048,5211,2110,3150,1054,3032,3,5,0,0,0,0,0,0,0,0
인천광역시,중구,남북동,2023,0,0,150,64,1604,714,2507,2252,2021,2531,2260,3396,1827,2334,2757,2927,2099,2183,2078,2616,2667,2789,2562,3646,2700,2556,1881,2359,1534,2793,998,2156,1027,1793,1251,1716,576,940,0,0,0,0,0,0,0,0,0,0
인천광역시,중구,답동,2023,647,822,6813,10049,13664,16923,28501,46990,32070,93400,25470,53339,25159,55100,28843,58437,34995,59040,36020,61660,44272,60670,60081,65495,62675,65578,51519,70751,53851,71140,32836,40853,29011,27004,22793,22596,16961,17331,5538,8344,278,1852,8,74,0,0,0,0
인천광역시,중구,덕교동,2023,0,0,4,9,926,389,486,1611,741,1638,973,2671,746,1621,1151,1929,951,1740,1673,1494,1845,1915,2129,2515,2154,2373,2322,1480,1702,1076,1273,718,1291,441,882,256,157,248,0,0,0,0,0,0,0,0,0,0
인천광역시,중구,도원동,2023,5,0,1400,886,2392,1096,4781,3351,6159,6652,4680,1677,5106,2098,5012,1942,6270,2643,5988,2885,5748,2933,8537,4503,14836,5796,10163,5160,8325,6636,4582,3493,3744,3134,5490,2623,2455,1864,740,1111,0,0,0,0,0,0,0,0
인천광역시,중구,무의동,2023,0,0,0,0,128,192,808,1083,3896,2404,951,3575,1949,13633,3964,9156,3768,7022,2669,6986,13999,4902,10780,3100,9036,3620,7570,1926,2536,728,1928,357,748,152,224,63,0,0,0,0,0,0,0,0,0,0,0,0
인천광역시,중구,북성동1가,2023,4698,194,27057,28657,61680,82066,102369,127151,106125,171225,74214,122332,84578,138896,108834,177895,145392,189925,176134,184107,218147,175235,246898,154160,287192,144241,288172,138838,250173,125029,141942,79141,113988,59029,86840,43829,55998,34419,10232,20981,450,12905,1,28,0,0,0,0
인천광역시,중구,북성동2가,2023,182,6,36575,11652,92204,60320,208221,108608,203875,160206,112935,116740,101820,90335,106342,96276,117313,114213,111321,126018,112646,132375,124588,147373,141225,190698,170514,236079,179913,271107,109413,176023,96973,121975,93923,102201,71628,79985,34680,46517,1084,9100,0,0,0,0,0,0
인천광역시,중구,사동,2023,115,11,16771,6639,24096,19412,47680,54158,51902,120255,30831,49783,26062,38456,31927,41276,40123,44163,40903,45191,45271,42733,55534,46522,70460,53184,77590,60117,96870,74116,43359,36875,35529,24606,31811,21928,22731,17342,9637,9726,46,2364,0,0,0,0,0,0
인천광역시,중구,송월동1가,2023,0,0,5668,496,10659,2473,19121,3946,21089,8695,14593,6534,12230,7062,12423,7548,12133,8413,10839,7970,10434,9086,9605,11653,10247,13841,10523,14904,8722,17310,6163,13790,3586,11733,2460,12850,1404,10376,314,4980,12,458,0,0,0,0,0,0
인천광역시,중구,송월동2가,2023,0,0,2938,2527,5058,4569,10096,6513,9924,7878,7577,6941,6371,6109,6307,7417,7610,7979,8901,7586,8934,8033,8761,9614,9384,11377,7985,13848,6520,14940,4390,7744,3551,6187,2713,5931,1324,4456,379,2204,70,202,0,0,0,0,0,0
인천광역시,중구,송학동2가,2023,0,0,2,42,3,154,2,413,20,2060,15,247,14,165,14,147,20,203,59,286,47,199,65,229,67,192,33,234,103,253,16,102,18,89,6,112,10,178,1,31,0,0,0,0,0,0,0,0
인천광역시,중구,신생동,2023,0,1,1973,1685,5833,2490,10784,6903,10587,13279,6104,8112,7578,9891,10027,8796,10222,9230,10692,10809,10919,9695,12314,12127,14535,12986,14518,12834,13080,14770,9545,11680,8772,9115,8436,7681,4494,6525,1617,4064,92,227,0,0,0,0,0,0
인천광역시,중구,신포동,2023,226,269,4723,3932,7196,4834,9686,13892,14880,29923,19508,28391,25400,28274,32506,28277,43110,29855,47712,29477,54191,26840,63904,28325,69366,28124,61218,31827,60517,29285,39844,17252,36485,10304,31238,7776,21083,5956,8963,3627,1389,1988,19,161,0,0,0,0
인천광역시,중구,신흥동1가,2023,475,561,3051,1253,5778,2440,13990,3731,15513,9600,10643,5337,8322,4968,8660,6239,9189,6472,9314,6091,8186,6409,10263,8449,11564,9593,11528,10570,11723,13066,5049,12220,3773,8549,2667,7929,1860,6592,610,4237,166,1693,7,115,0,0,0,0
인천광역시,중구,신흥동2가,2023,840,111,7420,8185,17509,12761,37055,18273,38393,31230,23101,15652,18956,14409,19814,14902,19241,15925,18012,16869,16558,16287,17285,19282,19988,20302,20326,20902,21657,23242,9232,16029,6275,13147,4762,12236,3743,10289,1118,6185,131,1527,16,121,0,0,0,0
인천광역시,중구,신흥동3가,2023,3955,1868,19721,26675,39394,65036,82586,121101,93975,155011,76870,79996,80503,63384,85770,54711,83642,63133,81962,72716,92266,65570,119692,70898,130102,74275,168114,87674,168820,94295,72095,58550,54654,42153,40765,40075,28534,27595,7060,13699,503,1806,9,46,0,0,0,0
인천광역시,중구,운남동,2023,1021,36,24153,5504,52047,16629,85524,32852,82434,87955,51228,28756,48839,26199,47430,24825,49326,29117,49360,31484,43523,34428,120808,52450,80217,62966,54010,60650,41000,62784,28587,61561,21713,46845,16963,42352,11468,43884,3851,16593,276,2002,4,41,0,0,0,0
인천광역시,중구,운북동,2023,360,67,44051,18799,147817,94252,211185,136273,169365,124790,129154,96516,115520,89106,111972,100458,112417,96756,100943,85922,100935,99124,111061,126120,134219,138867,144386,145135,150520,202566,124226,188115,88339,116731,87326,122194,70736,103417,40143,87345,14805,28435,1,60,0,0,0,0
인천광역시,중구,운서동,2023,5539,135,395248,463990,627208,905982,923087,1246510,970799,1413084,714732,744228,565468,642880,639302,853244,706013,930179,726774,689100,852008,689302,1088824,698735,1182538,798893,1311151,907941,1495598,881480,851735,693554,759489,598557,819639,510231,772558,428106,237267,310417,9976,139260,6438,33,1265,0,690,0
인천광역시,중구,유동,2023,0,0,1824,1486,1468,1882,4513,5798,6846,15169,3678,3853,3661,3381,3702,3479,3993,3781,4436,3605,4112,3436,5376,4539,7172,5061,6468,5514,4551,5590,2679,3687,1638,3001,1390,2308,736,1757,330,898,4,119,0,0,0,0,0,0
인천광역시,중구,율목동,2023,0,0,847,188,750,330,2404,2236,4266,5738,2339,1435,1992,908,2228,1172,4465,1246,3568,1013,4381,1117,9134,1656,10147,1582,5736,1547,5561,1655,2328,971,2246,731,2078,544,1093,477,514,158,0,0,0,0,0,0,0,0
인천광역시,중구,을왕동,2023,13,0,979,529,8481,5660,6366,7030,6203,14535,9312,18371,11607,14515,23725,18608,15913,20173,15238,22937,17800,25776,22315,31305,22240,23533,21059,20997,21882,16174,20488,11726,22438,9870,15789,5504,5934,4143,1,5,0,0,0,0,0,0,0,0
인천광역시,중구,인현동,2023,24004,2207,134111,77579,307945,236715,654751,470858,600573,602721,375544,378609,352199,400931,372971,440172,421100,410102,417490,442417,416961,420696,498110,431322,577241,495493,666809,566616,762870,654471,436739,537889,318923,331599,267126,268869,203039,242873,94054,144194,10769,45052,114,163,0,0,0,0
인천광역시,중구,전동,2023,0,0,3171,1552,5261,3894,8838,8184,10842,20600,8053,7119,7308,6621,6684,7443,8320,7933,7755,8542,6606,8729,9644,10953,11980,11919,8216,11996,7132,12768,4128,9025,2900,6737,2174,6370,1562,5146,257,2030,16,186,0,0,0,0,0,0
인천광역시,중구,중산동,2023,529,1,75893,5265,137755,32854,224801,54781,178094,104041,112314,72513,102846,56796,118362,59915,103396,69863,94361,83424,88502,93084,110988,138116,131109,170594,105247,159187,89190,170565,69340,181598,62254,119566,55452,106560,43261,106315,14050,51275,944,16851,61,362,0,0,0,0
인천광역시,중구,항동3가,2023,0,0,117,111,421,833,576,1192,775,3873,880,1324,1048,1148,1407,1007,1548,966,1772,996,2296,758,2631,876,3944,854,5050,1243,5476,1565,1817,551,1693,399,1468,502,944,214,269,67,0,0,0,0,0,0,0,0
인천광역시,중구,항동5가,2023,0,0,265,48,527,737,755,1340,656,4072,1053,1124,725,1336,832,1037,1342,1236,1482,1084,1889,853,2375,1002,3905,1404,5460,2589,8685,3299,2246,1385,1728,931,2224,934,1324,666,428,223,0,0,0,0,0,0,0,0
인천광역시,중구,항동7가,2023,2745,256,23572,44268,38000,103880,71447,172390,71606,189436,55162,89706,56891,70715,70364,78437,74175,80212,79948,74036,86551,66616,92624,68468,97471,66497,145228,65649,105880,59365,56136,47535,40163,38772,29982,33056,15767,25180,3046,15134,191,4680,23,483,0,0,0,0
인천광역시,중구,해안동1가,2023,2,0,434,399,203,1426,212,3321,255,7435,502,3808,400,3239,567,2701,554,2636,597,3372,645,2798,814,2577,1038,2509,861,2256,1340,2222,396,1188,421,825,404,846,419,497,150,348,17,37,0,0,0,0,0,0
인천광역시,중구,해안동3가,2023,0,0,324,878,976,1960,895,3000,526,7259,662,5758,451,6076,736,3630,1134,3264,1275,3136,1456,2229,2097,1928,2980,2087,2388,2709,3360,2278,1536,1867,1373,1913,1725,1636,1268,1563,1074,1165,45,77,0,0,0,0,0,0
인천광역시,강화군,강화읍,2024,5788,31,12697,524,35977,16429,96542,102289,104199,143551,102041,133366,109259,107930,112467,113163,106830,109671,116447,110843,118311,87552,132697,94637,119567,98370,113690,92596,86473,86018,58536,59056,43599,45239,23865,33583,12672,23621,899,16533,2011,9871,92,3577,50,457,53,1
인천광역시,강화군,교동면,2024,0,0,0,0,799,261,4612,1207,6575,3576,2231,3411,4524,2074,4753,5384,2046,4293,3252,4453,4185,2543,4974,4805,1304,3729,3157,2125,2583,2754,59,1837,600,83,121,1934,0,0,0,0,0,0,0,0,0,0,0,0
인천광역시,강화군,길상면,2024,0,0,1875,493,6070,1488,17147,11642,23446,22221,20751,20095,20698,20838,16483,15572,17171,17112,17582,15773,17886,15974,16992,15314,19822,17233,19130,20377,14717,16308,9875,11633,8813,11394,3419,8859,1575,7484,373,2793,69,604,0,0,0,0,0,0
인천광역시,강화군,내가면,2024,0,0,0,0,2317,635,7537,3324,9143,5253,6217,4090,6179,6133,3115,4151,7517,8600,2163,4345,7021,5529,3935,4791,4791,5316,3056,3640,2874,5643,2025,2208,1197,2861,496,183,182,702,0,0,0,0,0,0,0,0,0,0
인천광역시,강화군,불은면,2024,6,1,177,166,3904,935,11581,4226,6497,7293,8169,6234,10543,4511,3799,5837,7395,6558,6802,5215,5356,5832,6215,6852,5775,6356,5883,6756,3581,6054,1974,3630,740,2974,552,2142,131,1597,54,372,13,93,0,0,0,0,0,0
인천광역시,강화군,삼산면,2024,0,0,0,0,1905,165,2390,665,4869,5021,1686,2323,3428,5139,3011,3635,3398,3773,3373,2394,4161,3540,3272,3579,4258,3073,1982,1732,618,972,654,621,722,520,58,679,0,0,0,0,0,0,0,0,0,0,0,0
인천광역시,강화군,선원면,2024,5,33,556,299,4309,874,17022,5242,19398,6742,16541,7313,13929,6298,9225,8573,10109,6601,8934,8888,9617,8982,7473,10628,6916,13531,8146,14723,5866,11296,3558,8704,2262,6242,1530,4793,724,3814,184,1145,171,494,0,0,0,0,0,0
인천광역시,강화군,송해면,2024,0,0,28,26,2919,807,6428,2097,8678,4511,6630,3323,5450,4455,3427,5978,3412,2933,5608,4257,3203,5222,2950,6395,2152,5285,3018,4943,1393,4918,548,3109,241,1510,98,1585,11,7,0,0,0,0,0,0,0,0,0,0
인천광역시,강화군,양도면,2024,0,0,404,65,3079,399,10801,4351,11058,4087,11180,3925,4987,5423,6405,7226,5916,7421,5792,5370,4630,4448,4643,5903,4081,7164,3550,7436,2562,7692,1599,3665,1130,3048,568,1799,112,1366,27,376,11,154,0,0,0,0,0,0
인천광역시,강화군,양사면,2024,0,0,0,0,2674,1195,4460,657,4022,1721,5830,1643,2907,1776,2318,4034,829,890,3717,4314,1248,4386,1289,2092,1154,3518,691,2866,538,881,404,1830,205,896,24,636,1,3,0,0,0,0,0,0,0,0,0,0
인천광역시,강화군,하점면,2024,0,0,0,1,5971,622,8609,3516,12883,4805,14878,3985,5894,6801,8689,7409,7217,7861,4985,7824,7895,7870,5015,8995,3963,6077,4838,10045,2012,5764,940,4711,1240,3267,278,1268,85,414,0,0,0,0,0,0,0,0,0,0
인천광역시,강화군,화도면,2024,0,0,625,16,3861,1272,8380,3076,11329,7440,8951,7964,8658,9529,5715,6578,7595,8728,5501,5036,7200,7528,4470,5883,7009,8403,5783,4926,3772,5548,3540,3363,2095,3188,503,1679,165,1413,34,453,1,80,0,0,0,0,0,0
인천광역시,계양구,갈현동,2024,1,24,59,461,270,1711,726,2685,1297,4856,1026,2446,1049,2381,1075,2441,1340,2434,1830,2256,1520,2041,1712,3034,2063,2712,2302,2803,3479,3145,1609,3159,1381,2192,1469,1667,329,1524,140,856,26,162,0,0,0,0,0,0
인천광역시,계양구,계산동,2024,76371,14402,297447,103706,498389,246256,1043723,463948,1072599,1046872,671423,810335,572561,590077,602287,552076,656833,589128,665035,641396,645100,593388,764253,685927,847988,827559,890664,952552,910096,1212695,563511,904434,458014,616232,422659,531713,342609,491157,170042,307538,41748,121393,4796,24775,567,4019,1756,9
인천광역시,계양구,귤현동,2024,1605,945,228502,162195,658712,490112,1298747,881169,1135693,847534,715781,552234,499143,404096,453875,393850,461666,399772,456690,418277,437029,414399,541714,507031,639320,643552,771687,790630,980019,1184953,845167,981052,528515,614073,476080,556472,423530,513694,262080,315969,72494,100664,1161,2719,0,4,0,0
인천광역시,계양구,노오지동,2024,0,0,0,0,0,0,3,1,70,0,141,1,110,1,0,0,182,0,107,0,51,0,67,0,79,0,178,1,0,0,0,0,0,0,0,0,0,0,0,0,0,0,0,0,0,0,0,0
인천광역시,계양구,다남동,2024,38,368,984,14978,2654,39044,3314,75283,5957,57340,4033,32461,3547,22064,3144,19470,3942,17304,3637,15121,3393,13471,3700,15216,4844,19116,5090,20092,3670,18901,2489,12933,1627,9072,1680,6789,675,6201,410,3499,143,913,14,28,0,0,0,0
인천광역시,계양구,동양동,2024,3448,231,36886,4220,72290,9921,153512,17820,148832,33703,92588,26610,71478,27983,66508,33284,65973,42636,61365,50322,55873,53446,58761,73658,58882,93435,56829,107181,51646,130394,33869,115926,26535,80170,20500,78922,16852,73875,10277,52459,3128,13789,218,1274,0,0,0,0
인천광역시,계양구,둑실동,2024,0,0,0,0,2,59,465,580,526,457,87,17,468,602,391,391,767,476,696,391,106,430,610,255,598,507,567,34,855,569,653,116,538,82,5,0,26,62,0,0,0,0,0,0,0,0,0,0
인천광역시,계양구,목상동,2024,0,0,408,911,354,6119,499,9605,876,8050,977,5467,1364,3672,1498,2769,2154,2665,2778,2594,2271,2257,2015,2101,1665,2204,1637,2016,977,1803,530,1677,379,1198,126,809,117,575,17,386,1,58,0,0,0,0,0,0
인천광역시,계양구,박촌동,2024,3550,1171,58238,19593,115011,42668,245022,93484,258704,199491,153806,80958,119849,69827,115252,72530,116786,80765,113896,90505,98292,88806,122308,119004,150609,140266,130146,162882,129691,224340,89343,175859,63991,116338,53686,113452,39635,102727,24966,64033,7211,29272,586,340,0,0,0,0
인천광역시,계양구,방축동,2024,1313,195,3649,888,6003,1982,15045,4702,15296,12418,12484,9798,10683,9694,10967,8744,11053,8446,11259,9390,10275,10305,18118,12736,20815,12865,14365,14062,14242,17527,9598,14116,5662,9193,3920,8247,3164,8844,1112,4381,317,1801,4,48,0,0,0,0
인천광역시,계양구,병방동,2024,803,22,16450,5629,29507,18092,58275,40033,68461,65546,42876,36454,41063,37158,47063,40435,52471,41948,50849,43808,51344,47790,63332,56915,68729,61272,59112,63687,61384,75382,42122,55964,31014,47512,25595,44749,21955,40984,12931,24892,3679,7302,237,1082,0,0,0,0
인천광역시,계양구,상야동,2024,0,0,109,322,820,4274,1808,6089,2435,12343,2039,4663,1442,2276,1814,2115,2096,2459,2948,2306,2659,1858,4017,1929,3516,2068,6232,2528,6612,3346,2677,2678,2087,1610,1967,1430,1475,1118,584,541,122,109,5,19,0,0,0,0
인천광역시,계양구,서운동,2024,367,5,8013,4600,18251,32582,42321,82436,48662,96602,24179,20995,21370,14398,21829,14572,27811,17843,23800,21807,25062,20400,41423,22401,47766,27400,82360,34428,65988,49615,33280,45468,30805,27195,16819,22020,9195,19654,3208,11781,172,3563,10,764,1,196,89,1
인천광역시,계양구,선주지동,2024,0,0,0,0,8,84,30,363,239,864,37,58,197,736,126,350,127,126,321,129,161,243,274,198,366,234,219,181,1,1,78,77,25,40,0,0,6,47,0,0,0,0,0,0,0,0,0,0
인천광역시,계양구,오류동,2024,48,7,2266,1733,3841,5221,10068,7758,12619,11968,7269,7663,6892,7004,6363,7978,5884,8952,6369,10422,6628,11015,6907,18346,8225,19745,8021,20321,7575,25431,5394,27804,3652,18501,2678,17917,2214,14699,1545,12189,691,5128,64,272,0,0,0,0
인천광역시,계양구,용종동,2024,151,40,10963,2038,24704,4807,49550,12231,45141,33235,26970,17619,23494,14598,22542,14466,21790,17853,22615,18846,18954,18324,25048,22686,34121,29535,24263,31656,23193,35105,18744,27085,16486,18096,16932,16372,13112,17162,7638,10317,415,2104,5,696,0,0,0,0
인천광역시,계양구,이화동,2024,0,0,0,0,4,20,2120,440,2372,222,712,157,847,291,525,340,416,301,576,474,104,142,335,561,393,381,296,304,298,159,102,151,37,80,1,3,42,88,0,0,0,0,0,0,0,0,0,0
인천광역시,계양구,임학동,2024,1391,2024,86835,17299,195150,49110,446749,112184,414899,215333,240335,144830,187286,124195,186938,134942,198798,151153,189281,165845,171422,165217,181471,201080,199309,240566,202950,307960,235857,438321,152121,341490,107806,212549,86624,188363,68485,155089,38635,101693,9705,48975,540,321,0,0,0,0
인천광역시,계양구,작전동,2024,17600,5562,292894,110859,550095,279268,1205968,567830,1198212,859085,684135,540541,576464,441760,595850,457351,634558,477981,591764,529916,536299,515519,616948,607846,702834,719208,765394,896168,816720,1196791,529441,920049,405614,598595,362135,536262,303107,465691,158199,294188,34869,97364,3964,12308,487,1299,995,4
인천광역시,계양구,장기동,2024,2540,172,23308,4383,46173,9058,89676,20169,95001,44793,55294,22613,42901,20571,41388,21857,39148,25596,37504,28502,36507,28524,36578,47276,43299,47156,38698,50837,38449,65974,22900,59636,17433,40790,15041,36570,12205,33520,7620,23069,1702,8413,231,1362,1,1,0,0
인천광역시,계양구,하야동,2024,0,0,46,263,149,1106,106,1023,257,2216,478,1265,488,703,522,594,597,658,523,642,687,537,906,605,680,635,855,671,1218,756,478,1036,573,406,792,364,164,301,36,141,4,15,0,0,0,0,0,0
인천광역시,계양구,효성동,2024,5980,474,101569,28830,215014,78198,441579,166971,421513,291864,236990,128612,196741,112717,189941,128034,198625,152501,196175,163680,180106,167490,228480,235580,221817,260265,257277,298357,250258,375250,139145,310822,101070,229135,75168,212438,60027,189657,23653,120012,2947,27487,44,323,10,37,0,0
인천광역시,남동구,간석동,2024,17859,7027,473028,193675,761003,366439,1655406,715654,1675785,1425524,1009605,757151,822701,656224,823813,712938,862538,860418,865988,914814,839868,829841,991525,926576,1123428,1087857,1144390,1319911,1271695,1688922,682877,1184083,526860,865191,459123,760029,346998,633433,167971,375017,34009,129859,426,7529,29,559,0,0
인천광역시,남동구,고잔동,2024,247,18,10711,26723,24861,181269,36815,558221,63375,540928,33452,86402,36086,45554,45330,41067,51953,53840,55038,46113,68749,39865,83189,36598,124488,36870,446282,55499,334662,65177,117458,62808,155139,44972,59143,24112,23647,15074,4297,8229,108,1318,5,37,0,1,1,0
인천광역시,남동구,구월동,2024,9890,4373,380884,214948,724815,436020,1616716,937897,1733691,1879610,1091974,1312170,1031203,1082319,1121603,1121155,1225424,1193148,1247945,1276590,1284246,1237181,1499522,1357877,1524507,1475735,1675552,1745343,1759229,2088413,1067849,1346716,936632,943202,842677,803145,657478,636154,301028,368791,53510,128171,1193,17060,64,480,0,0
인천광역시,남동구,남촌동,2024,2164,470,25700,17307,48972,70211,123321,191747,120061,191073,77575,56921,68133,50424,67946,52488,73644,56346,68589,57476,69745,54506,68321,67631,86365,71069,188774,79412,146818,94194,69715,75828,68408,57626,34564,51947,14124,42750,5934,22293,1089,6514,3,519,0,0,0,0
인천광역시,남동구,논현동,2024,15417,469,155606,78071,397686,301419,834381,690682,827602,974311,512343,424636,450965,383280,483199,473402,539225,526796,533050,515597,559843,499818,734875,550448,732223,615200,856626,723731,820111,825868,468178,623817,414351,496354,348840,419735,240273,347665,104337,211331,7363,53059,508,10882,3,62,0,0
인천광역시,남동구,도림동,2024,934,178,16687,9203,41620,29590,100996,49764,104055,64234,65748,43584,59186,41117,57384,45547,58058,53843,57721,54089,57825,51408,70925,69773,59648,73514,66574,79423,65425,85666,36567,72848,32351,54918,25311,52075,15016,44706,6773,25611,1569,5428,77,395,0,1,0,0
인천광역시,남동구,만수동,2024,30723,3901,349404,99377,635109,193473,1262038,411863,1293084,984016,853859,537013,718853,491798,721548,535033,773383,592781,744084,611429,682451,623517,780757,764884,851105,855678,820204,984692,823893,1176882,482000,916196,372946,629034,320793,572315,229011,485105,114796,286267,20888,86189,1132,5494,5,44,0,0
인천광역시,남동구,서창동,2024,3055,278,89903,19006,187266,49583,385968,93168,399277,186460,234963,125950,206866,121563,197097,123708,210857,154474,197217,175456,180636,181089,207396,233267,224357,267022,216316,314286,212928,355806,155559,316852,119084,220700,110120,197852,88621,173960,38647,109641,4958,23511,1379,4068,0,2,0,0
인천광역시,남동구,수산동,2024,237,28,1060,3336,2228,6519,7816,12672,9667,28132,7778,22611,7200,13373,8985,14412,10937,17080,9149,15493,11292,14892,13943,16279,13995,16754,13488,16741,14395,19164,6985,14926,8478,9882,5665,8244,2478,7475,1662,4403,716,1365,0,6,0,0,0,0
인천광역시,남동구,운연동,2024,49,0,8270,5059,28521,25057,73058,59959,73163,67530,36066,33735,29738,28684,26337,27059,29212,29152,31840,32055,29799,28927,37024,35266,40971,43170,53269,54887,66673,70879,37586,41721,25035,27259,20506,23755,15982,20615,9158,11474,2106,5691,5,471,0,0,0,0
인천광역시,남동구,장수동,2024,871,317,22735,28364,46102,49750,102885,90812,123811,138609,95462,164640,106309,177575,126781,169937,137538,149611,146287,146705,173138,132654,201481,115286,198541,98693,175815,96990,135267,108597,83001,74775,57025,53918,42125,42204,22374,35790,9002,19677,2576,6446,81,521,0,0,1,0
인천광역시,동구,금곡동,2024,0,0,2550,535,4487,2255,13949,5911,22386,12241,10935,7449,8752,6029,8078,5429,8689,5711,9440,6603,9266,6666,13783,7991,15158,8500,13737,8233,13719,9643,8304,7456,7211,4825,7432,4038,4680,2760,1926,851,28,67,0,0,0,0,0,0
인천광역시,동구,만석동,2024,109,1,15074,5705,24766,26962,50072,38060,50707,40326,34597,16518,29686,16617,29241,17412,30956,21112,28451,22656,28597,23364,28647,32991,45805,36934,54503,39176,45205,46815,19623,37531,11965,28514,8440,26281,4688,22694,1671,13268,188,1254,0,0,0,0,0,0
인천광역시,동구,송림동,2024,6409,572,49058,43868,98154,103449,201758,242425,202975,365999,141928,200256,146435,168821,168684,149580,194077,155490,175932,165163,173353,155075,278679,185123,287247,189869,288701,202515,263688,217229,140431,163752,106939,113018,81298,98921,54471,75997,18068,44368,2653,6581,79,105,0,0,0,0
인천광역시,동구,송현동,2024,3191,495,37612,21822,84663,61782,164060,128537,156609,125712,86179,83545,74502,74242,75450,77200,84331,84221,87837,80217,84153,76939,100125,96782,120686,113215,139210,141913,133405,150224,103707,88633,76116,60878,60095,51113,48907,42110,21678,22684,2087,1668,0,0,0,0,0,0
인천광역시,동구,창영동,2024,7413,374,27576,16855,46963,27614,92903,84621,94870,224385,63515,51731,57329,57465,63432,49657,70291,51985,71628,63883,62833,62938,96741,72835,129354,80536,107850,86581,111835,95403,42054,77866,31536,51648,48080,42895,13485,37781,5105,27412,353,14445,1,37,0,0,0,0
인천광역시,동구,화수동,2024,6,0,8475,2383,19199,10285,49439,25915,44014,29459,30340,17181,28396,16362,27642,17504,30320,19546,28171,19461,25366,20568,30394,25541,32327,27193,36879,28920,26936,32917,18216,24285,10791,18870,9831,17883,4357,14700,1135,5750,94,624,0,0,0,0,0,0
인천광역시,동구,화평동,2024,667,88,7224,6226,15435,11359,27722,25530,27673,28006,13748,20893,12981,20719,13274,21600,15143,23703,15284,22545,13738,21006,16453,23822,19004,28646,17565,33398,15873,32162,11890,19510,9184,12632,7906,10251,7093,9267,3195,4551,620,886,26,71,0,0,0,0
인천광역시,미추홀구,관교동,2024,3595,1732,102262,113549,212608,236213,486225,428473,518982,656352,341913,599942,320446,533270,377151,547952,455969,558912,491392,548291,519449,557521,680153,583710,711087,619185,688396,682587,755246,830405,607488,484882,624649,293627,455367,248750,336681,195831,173003,109734,41671,35902,169,1097,0,14,0,0
인천광역시,미추홀구,도화동,2024,21676,2129,271411,117411,506995,253847,1103064,589746,1135450,1041334,680006,527185,572765,406388,559354,407355,580113,486145,584162,506443,552865,483570,708583,604957,822196,715716,827559,827309,851479,999598,483835,807036,370746,521769,318208,464662,229729,412557,108898,256399,5856,66177,46,1535,1,97,0,1
인천광역시,미추홀구,문학동,2024,2467,431,29635,9805,52502,19703,139366,49308,133043,79380,86617,47957,65438,42295,61064,47175,63915,59503,63096,64341,58511,63852,74376,93378,77235,106259,71061,123204,68404,139127,46565,111485,36326,90841,49563,82187,38277,70479,8899,32276,920,6829,27,1091,0,2,0,0
인천광역시,미추홀구,숭의동,2024,2829,820,49885,36520,96880,95066,206034,186118,248736,295191,161152,168222,150866,149442,149768,137862,158835,149139,155785,158365,153765,153750,174378,178880,198368,197853,209046,216538,235990,241637,138126,170583,99689,129098,90904,117121,67553,95256,27528,47922,1766,2733,1,985,0,109,0,0
인천광역시,미추홀구,용현동,2024,12576,970,299748,115213,641712,332807,1309655,626027,1310113,1090454,809596,725852,740073,706636,779880,663103,826415,745732,830590,764146,830016,754493,974010,858843,1073715,990706,1128573,1148827,1107061,1354847,693956,951684,566761,721576,521814,663968,441193,574308,195370,358329,10920,50046,663,4205,4,129,0,0
인천광역시,미추홀구,주안동,2024,19528,725,720779,388052,1338617,789119,2867041,1537984,2979568,2554830,1891918,1798271,1653790,1509479,1728702,1544998,1885751,1695422,1836703,1746433,1756969,1744455,1969882,1980370,2168106,2253981,2353452,2554062,2443373,3063554,1662927,2327664,1272922,1553759,1159822,1391033,945454,1170562,522983,723844,85072,205612,626,5988,59,1719,0,5
인천광역시,미추홀구,학익동,2024,4642,1445,113096,48267,216997,102723,404283,197311,431553,452260,284199,269733,273720,246311,291618,216330,321423,254583,313128,267717,296709,255376,393604,314267,414327,339150,398803,371272,346004,393952,191856,315555,165970,230384,157156,211254,104790,187646,51829,110560,6344,38737,465,7079,7,2122,0,0
인천광역시,부평구,갈산동,2024,5053,656,286452,87953,543808,265186,1303958,669367,1283714,1315809,707908,577129,534038,386931,529075,414742,572579,470095,558169,481466,521551,478631,588423,551231,641355,645879,902447,883837,1154129,1270643,571985,990701,449549,639701,388767,518992,272927,437651,137928,282024,22557,101864,767,8883,43,128,0,0
인천광역시,부평구,구산동,2024,660,2176,7203,22056,16937,36644,36410,85924,42867,135510,26267,64726,22704,43787,26144,37695,32059,40674,26518,46008,28968,37477,39738,38690,46432,42845,75193,47125,55700,51784,25363,46862,21037,39258,21901,31935,15679,27721,11317,17176,3526,4907,1318,2096,1,9,8,0
인천광역시,부평구,부개동,2024,31653,2588,200960,49603,366115,115311,848468,287149,780891,482618,475207,241315,365306,222784,350915,245433,363058,287013,355205,299617,319992,320272,399717,408426,418306,482906,381487,566127,392345,716499,270097,610364,188193,401840,161820,365515,119071,310046,67377,199130,9380,44269,705,2985,3,30,0,1
인천광역시,부평구,부평동,2024,160584,38967,719467,318720,1187233,690322,2664483,1364198,2756550,2366212,1758606,2080201,1555775,1742377,1669358,1826129,1823794,2004933,1893561,2168204,1927414,2100796,2235248,2176142,2396326,2426396,2525409,2859379,2568643,3565897,1894851,2606858,1593479,1639194,1499389,1424033,1285303,1151120,705548,699529,131710,216986,17688,26453,73,132,1906,599
인천광역시,부평구,산곡동,2024,24112,5197,285691,98673,692122,263296,1519280,594069,1505808,905076,809212,479235,646213,405533,651444,449888,675379,485095,652508,513069,588252,529898,675548,667941,740554,767832,776809,973620,785213,1260479,563938,1042258,385767,687871,346401,594921,264640,535208,137138,318548,26387,101422,4920,18620,78,222,3123,171
인천광역시,부평구,삼산동,2024,13927,1909,149469,36670,343337,94666,849079,216241,810199,399316,452964,218937,350668,193040,342268,211345,354468,246502,334603,275437,303046,278205,339346,339813,371465,404172,351100,511270,351972,716577,216149,600049,161439,398858,150789,353719,113586,326917,50804,216008,5489,60783,442,3016,4,10,1,1
인천광역시,부평구,십정동,2024,19335,8930,536941,246633,872355,482229,1784846,933669,1766399,1239781,1107517,768117,898182,694031,873890,750126,939750,812538,904915,801423,842662,800447,906150,941684,1044795,1117533,1171286,1433426,1201367,1755960,917304,1449892,666369,965917,598624,874458,480714,732539,292895,423466,51695,120302,71,3558,1,0,0,1
인천광역시,부평구,일신동,2024,3230,3283,19973,10776,45751,20124,104865,47176,103349,87154,64053,39724,50611,30075,48991,34538,55357,36632,51545,37616,46192,39400,48285,60791,64188,60926,73039,65245,67249,79657,38994,72488,28147,49950,27952,47500,15965,40875,8869,23004,1659,3418,742,2218,0,0,0,0
인천광역시,부평구,청천동,2024,12767,6422,185888,114379,392082,282281,880156,731650,889060,955392,500894,430141,402301,340308,416883,357747,435456,409511,435093,430519,423188,426404,484099,518360,512370,584166,775497,722564,800845,904517,473830,709301,383164,465239,318044,407842,223646,355320,108116,219818,23635,84499,6981,17524,260,722,2313,9
인천광역시,서구,가정동,2024,6777,537,246509,102681,566276,315641,1298587,648519,1278002,791598,638441,486812,495841,393143,511420,420209,549417,486293,543115,506745,500047,498145,576338,631936,685785,783625,762048,947626,837983,1262726,553260,883378,390634,558606,353532,506478,296193,455564,174044,273673,53508,107364,1449,5483,5,110,0,0
인천광역시,서구,가좌동,2024,3379,103,184910,111375,346448,350278,719932,1145900,739982,1308559,430075,380505,363893,272330,367538,271595,411919,316886,388222,334031,372437,321620,468586,381542,554239,437268,1137256,554822,1047521,689288,456810,522566,392275,364742,264634,302199,152803,247177,62695,146485,12973,49001,4,2518,0,347,0,0
인천광역시,서구,검암동,2024,9019,3903,100788,46542,230873,122867,523957,295600,478683,465634,276741,198022,216074,167278,221185,174463,235202,189292,228413,199864,214987,201223,334084,236497,374035,286375,324869,353261,346670,459864,269524,377273,185753,244723,191690,206857,168815,199529,90206,114378,24701,43096,184,73,0,0,0,0
인천광역시,서구,경서동,2024,15630,4365,118093,21597,266614,107198,512339,172416,364032,312093,216867,102482,173630,67808,182648,72490,176414,83931,151832,106401,141721,121312,154980,157854,195942,202274,288913,259807,303268,376174,117787,359596,84522,242770,65283,229016,53239,239236,22503,137538,3241,53118,65,294,0,0,0,0
인천광역시,서구,공촌동,2024,2176,237,9223,3337,15951,11835,31490,22932,36139,53099,19661,16118,19192,13723,20583,14398,18373,15881,18032,19436,16987,17835,23181,22867,35820,26886,31360,30324,22520,33671,12512,25571,9368,22245,7272,20395,5625,19390,2589,9313,277,1299,0,0,0,0,0,0
인천광역시,서구,금곡동,2024,68,33,2001,1105,6768,9460,10433,20276,8000,16409,6283,6184,4455,4777,3834,4602,4957,5206,4094,4946,4810,6104,4654,7108,6592,8140,11933,9305,10193,9447,5405,8615,4617,6327,2295,6154,1323,4946,624,2749,363,955,0,0,0,0,0,0
인천광역시,서구,당하동,2024,18578,2368,170779,39960,463082,126149,814697,266591,714553,390874,416942,244815,337983,186328,337208,195313,352078,227698,337589,253337,313085,260055,361329,314155,424005,406118,442557,490428,442583,652487,292236,555490,215934,344029,190335,301884,163070,278223,80071,177422,18229,59350,285,2850,3,8,0,0
인천광역시,서구,대곡동,2024,0,0,0,0,149,827,1017,3510,1786,985,49,215,1874,141,15,1131,1443,148,212,1025,1395,34,29,984,1299,18,1885,1053,866,902,475,212,21,508,349,855,2,46,0,0,0,0,0,0,0,0,0,0
인천광역시,서구,마전동,2024,14280,2489,78862,28476,227060,130985,464668,287322,460399,421166,245216,208856,203165,189592,204671,186558,219355,209462,202971,225549,200278,228753,286848,289183,313755,370502,290597,412754,294648,447412,220338,379318,167827,263198,151061,241254,142219,224166,70210,151122,24967,71035,783,14490,93,928,15,89
인천광역시,서구,백석동,2024,2367,2711,41345,16216,99140,53344,259983,101324,226632,235258,127688,73233,113022,72251,114713,77884,120109,91055,115520,95130,97364,93375,161291,118423,213910,142152,126129,151152,101211,207602,61350,170592,43799,111037,35954,119685,27084,112962,15227,73775,4146,37117,4,417,0,0,0,0
인천광역시,서구,불로동,2024,10126,1477,38888,7932,97786,30464,170623,33105,165034,46363,93243,30833,76325,32152,71137,38981,72038,51449,74154,53187,61305,54908,71521,77646,89492,109660,74530,118230,59742,131525,40419,123872,31749,94700,24857,84151,22320,86321,11699,54539,5389,24990,486,4698,412,748,22,66
인천광역시,서구,석남동,2024,4620,393,251263,96860,470126,298365,1019872,604906,974788,725629,519467,390372,406851,321441,427489,340510,463077,372799,427386,372434,393521,385301,461971,482537,524883,567633,626821,717158,676579,923847,424068,684180,328985,452599,266093,377377,217368,325599,97599,190645,19323,78673,38,10321,0,16,0,0
인천광역시,서구,시천동,2024,15796,61,103813,5976,172506,29391,404768,88288,291717,181266,155436,66317,114481,48740,111986,46157,105285,57443,90756,66487,79274,74394,82048,90904,100283,129758,108266,178351,140783,312194,56282,289405,44305,171070,36400,155599,29340,152307,13607,123107,2029,59917,2,67,0,0,0,0
인천광역시,서구,신현동,2024,8525,58,34694,7039,75731,20356,180339,52228,149024,90226,84109,56821,77223,60002,76888,60289,81728,64675,79939,72528,75802,73501,102957,86863,108126,99438,98982,111547,94827,135284,65818,107947,51554,71930,38252,67574,29947,61393,13155,35637,3169,13444,71,2355,0,0,0,0
인천광역시,서구,심곡동,2024,136,3,60645,31856,118248,92221,281347,187654,277346,438773,184254,225809,177329,176938,195684,163303,200363,170530,194451,200751,206037,181727,234422,207908,246853,231756,298266,263145,333795,312472,134493,216163,121537,144875,136322,133534,107755,115986,58827,71849,14185,32753,8,13,0,0,0,0
인천광역시,서구,연희동,2024,5797,1082,52353,25926,117294,70430,261422,160461,278133,250297,145812,108718,108577,85480,111150,87539,112484,93866,115434,94557,101241,92730,121031,130102,159962,159099,186384,184362,208961,219929,123342,156318,84944,114722,74123,105266,86047,102710,26128,50842,3615,19089,1,4,0,0,0,0
인천광역시,서구,오류동,2024,674,2,11560,12060,35501,119290,48022,325392,59075,280543,44637,62545,29647,34076,31935,28141,36600,30583,39166,31998,39168,31828,55540,45356,94703,54240,247694,62780,269113,58729,81887,64613,67615,40962,31095,33205,9186,26030,3496,14876,689,7993,30,1558,1,269,0,58
인천광역시,서구,왕길동,2024,20506,4355,100820,36772,258909,179793,600072,363795,539492,417089,297354,233112,255574,186941,255938,191019,265830,206189,241919,227248,239653,221480,287701,293316,328748,354248,413657,427356,424745,520766,251227,400573,186991,260098,153019,220179,116789,190267,62665,129068,17995,57031,246,5381,74,1283,10,243
인천광역시,서구,원당동,2024,11519,1026,80684,15498,223953,68353,377547,87013,255985,159713,175139,129296,145943,95814,141662,88111,143523,105621,133423,131451,132177,140058,165179,168302,195757,204072,174351,255521,162327,322184,120655,367998,97953,244614,94444,203896,82675,195841,47113,139481,17436,61772,3741,12908,32,121,0,0
인천광역시,서구,원창동,2024,283,1,2631,5086,5096,39120,15907,77679,18561,106429,11823,43972,8715,15839,10372,11748,13444,12857,18118,13706,17450,13020,24241,13629,31385,14631,68374,14073,74222,16828,30864,11053,24241,8480,10439,5537,3220,4770,1569,3569,74,466,0,3,0,0,0,0
인천광역시,서구,청라동,2024,16712,2262,145088,87913,361582,253774,739269,486164,622882,619497,351811,372361,304561,276406,322915,276008,336799,314851,340657,344537,339852,340940,484390,420890,568396,531783,555778,587515,627575,682337,482376,617651,359460,385948,360308,341401,330046,333378,169318,210801,44278,89297,665,6540,9,563,0,0
인천광역시,연수구,동춘동,2024,13855,1244,174549,89816,403787,379351,837122,1049723,915599,986838,504169,479787,412072,376281,439616,408339,497598,462536,497465,498101,494731,483659,635665,579888,721616,649729,1141037,769725,1043493,905185,582931,634241,530735,459353,429680,398985,323308,343773,112206,194340,14023,66353,162,8927,0,0,0,0
인천광역시,연수구,선학동,2024,2246,9,113180,50380,216541,170741,485276,455688,520587,526825,313733,239141,266343,197499,270272,210195,300347,255166,281646,283866,270124,257379,305391,334441,354300,413488,554313,576827,500575,600108,256022,359538,251753,264613,353280,246722,204996,188635,60832,119715,9464,51735,49,630,5,65,0,0
인천광역시,연수구,송도동,2024,12727,591,362178,126068,869412,956441,1631064,1628850,1735788,2868682,1077149,1596328,1003590,1104422,1093110,1122048,1188201,1201052,1225851,1271884,1300848,1231228,1756639,1361212,2155999,1602979,2518335,1896999,2651619,2008949,1513965,1575088,1330100,1184424,1273415,1011599,1013231,941108,445640,625769,65978,259242,1325,35721,124,2591,0,15
인천광역시,연수구,연수동,2024,2997,306,163743,63744,345159,154409,771221,407591,773265,651680,435363,354234,373460,306091,387489,318558,425423,359989,419257,372677,407763,365515,496634,449808,523822,523297,581683,665605,606641,802130,361370,551981,289550,425000,261855,377818,205334,304137,98382,182626,8021,56886,202,2672,50,225,0,0
인천광역시,연수구,옥련동,2024,4304,1103,103335,37153,199315,75921,375506,135281,368395,265891,243241,180894,207272,140931,226724,156123,255496,183435,245774,185413,228965,194980,274902,239148,295142,272938,290866,314775,251378,354644,159371,272620,127534,198843,121110,187100,89549,167292,37632,95455,2179,20415,52,2661,0,6,0,0
인천광역시,연수구,청학동,2024,3499,120,48979,18905,85330,22453,170217,45147,167007,112591,116787,73151,97949,65243,97908,69633,102269,78730,103923,83442,98365,88853,115616,112158,118294,124765,111613,130556,105842,155663,71249,126185,53052,96514,46997,92818,37321,86200,14732,42793,558,4963,15,1377,4,61,0,0
인천광역시,옹진군,대청면,2024,0,0,0,0,0,0,203,126,733,16,579,53,92,38,229,78,41,43,2,0,84,18,0,2,130,44,55,10,1,4,0,0,0,0,0,0,0,0,0,0,0,0,0,0,0,0,0,0
인천광역시,옹진군,덕적면,2024,0,0,0,0,0,0,0,0,143,2,418,13,44,2,30,5,0,0,0,0,118,7,257,3,27,1,0,0,0,0,0,0,0,0,0,0,0,0,0,0,0,0,0,0,0,0,0,0
인천광역시,옹진군,백령면,2024,0,0,0,0,0,0,0,0,3,0,64,10,26,22,91,11,28,11,57,15,72,42,100,35,30,20,156,13,21,15,0,0,0,0,0,0,0,0,0,0,0,0,0,0,0,0,0,0
인천광역시,옹진군,북도면,2024,0,0,1,0,186,0,967,17,2412,69,3805,141,4529,161,3550,195,943,62,4533,202,4504,272,4159,213,3109,157,1428,69,608,21,16,0,37,1,1,0,0,0,0,0,0,0,0,0,0,0,0,0
인천광역시,옹진군,연평면,2024,0,0,0,0,0,0,0,0,148,1,263,10,733,63,1,0,0,0,0,0,571,24,428,29,37,1,4,1,0,0,0,0,0,0,0,0,0,0,0,0,0,0,0,0,0,0,0,0
인천광역시,옹진군,영흥면,2024,0,0,17,372,4923,830,5158,2387,6548,3508,6133,6089,5495,4973,7599,4302,6852,4565,6292,5142,6734,6025,6563,6629,6563,6853,5538,7302,4750,5861,2670,3792,5155,5175,1980,3251,1262,3740,27,3,0,0,0,0,0,0,0,0
인천광역시,중구,남북동,2024,0,0,8,43,1799,582,2275,2760,2189,2618,2604,3858,2153,2687,2381,2638,2415,2258,2047,2253,2468,2834,2357,3273,2625,2775,2381,2381,1692,2740,1104,2239,943,1889,952,1976,671,968,0,0,0,0,0,0,0,0,0,0
인천광역시,중구,답동,2024,1142,1165,7054,9877,14316,16450,28213,48039,30545,87585,24548,54369,24687,57506,28472,60962,34414,62391,36814,63226,43584,62309,57904,64872,57829,65335,51720,70146,52938,69942,32362,40322,29083,25742,22372,21507,17473,16378,4887,8429,329,1955,8,69,0,0,0,0
인천광역시,중구,덕교동,2024,0,0,0,24,592,386,510,1705,544,1024,1027,2890,732,1749,1309,1832,1174,1584,1774,1609,1997,1822,2193,2423,2187,2180,2193,1428,2089,975,1735,614,1253,445,976,300,184,124,0,0,0,0,0,0,0,0,0,0
인천광역시,중구,도원동,2024,2,0,937,545,1526,1145,3325,2862,4385,5548,4012,1779,4008,1850,4666,2006,4809,2502,5608,2823,4970,2891,6755,4815,13534,5499,8341,5646,6835,5904,3575,2908,2709,2592,4145,2285,2143,1753,624,911,0,0,0,0,0,0,0,0
인천광역시,중구,무의동,2024,50,1,134,55,155,470,622,2418,3978,3395,1002,5468,1788,17496,4901,11262,5015,8717,3222,8336,17706,5556,13634,3378,11369,4040,9320,1873,3422,842,3202,599,1258,248,302,74,0,8,0,0,0,0,0,0,0,0,0,0
인천광역시,중구,북성동1가,2024,4326,46,25027,25837,56578,73383,98324,131202,106790,186487,81278,143108,90531,150276,117053,188367,150734,198931,184924,190654,229736,173176,261289,153752,284588,140719,285454,134151,263173,119352,145374,77472,112608,57623,82906,42847,57580,33833,10351,20747,519,13381,3,64,0,0,0,0
인천광역시,중구,북성동2가,2024,104,2,39000,11209,97487,57784,201747,107502,197763,163706,117919,123580,104354,92753,112373,101546,123684,119534,115870,130327,117011,140684,127961,154025,143839,192945,166868,237855,172322,271538,109480,172891,101839,120437,96316,101574,73846,76613,33741,47474,624,8525,0,0,0,0,0,0
인천광역시,중구,사동,2024,101,20,16302,6779,25443,20541,52377,59021,52109,111378,31950,49497,28124,39405,35641,44875,40179,45602,43089,47501,48433,44362,59801,47657,74774,54185,79716,64215,89463,73792,44345,37185,35834,25527,31178,22004,21261,16437,8593,9967,59,2548,0,0,0,0,0,0
인천광역시,중구,송월동1가,2024,0,0,4565,549,10081,2453,17574,3758,21196,7391,14255,6117,11443,7219,11382,7770,12039,8110,11381,8386,9611,9831,9581,11189,9494,13687,9589,14105,8168,16627,5958,13758,3475,11301,2219,11909,1764,10609,365,5073,26,563,0,0,0,0,0,0
인천광역시,중구,송월동2가,2024,3,0,3066,3100,5858,4416,8183,6906,8163,8246,7529,7053,6206,6486,6537,7278,7381,7722,9420,7731,9930,8331,8897,9022,8790,12322,8251,14545,6245,14800,4490,8085,3400,6477,2319,5540,1345,4196,297,2045,34,203,0,0,0,0,0,0
인천광역시,중구,송학동2가,2024,0,0,1,36,11,99,9,254,21,2300,11,421,6,207,9,150,23,230,22,195,49,270,32,186,33,162,47,222,45,168,16,118,13,115,8,82,0,59,3,22,0,0,0,0,0,0,0,0
인천광역시,중구,신생동,2024,4,0,2206,1870,5645,2174,10599,5838,10734,12073,5796,7084,8447,9427,9117,8434,9889,9362,11097,11191,11071,9550,12302,12048,14101,12307,14374,13410,12269,14340,9079,12659,8142,9202,8119,8103,3905,6154,1173,3950,12,232,0,0,0,0,0,0
인천광역시,중구,신포동,2024,214,522,4970,4578,6240,5057,8502,13794,15029,31299,19226,27252,25647,27447,32747,29051,44772,30730,49597,29889,53932,27506,67296,28845,70753,28728,61922,31216,60006,28830,40660,16559,35852,10250,30300,7592,19937,5497,8298,3558,1251,1867,25,176,0,0,0,0
인천광역시,중구,신흥동1가,2024,300,267,3082,1038,5770,1636,13076,4117,13995,8422,11314,5524,8284,5153,8722,6090,10202,6508,9242,6395,8192,6382,10529,7915,10065,9211,11098,10067,9884,11446,4941,10360,3980,7801,2211,7679,1781,5844,596,4223,130,1531,7,136,0,0,0,0
인천광역시,중구,신흥동2가,2024,1133,73,7496,6153,17004,9254,38865,18377,36006,30382,22643,16017,19460,14839,20198,14871,20205,17226,18531,17653,15962,16705,16728,19616,19100,21383,19832,22645,20936,23823,10025,16989,6814,13451,5020,12741,3617,10896,1302,7085,211,2038,14,164,0,0,0,0
인천광역시,중구,신흥동3가,2024,3493,1912,18176,25012,40400,66128,89983,121065,103455,157167,78130,81942,84170,63634,88477,56576,86602,66911,88182,73617,97789,68016,128508,72612,131038,76187,170225,88291,176166,97440,75166,58969,53034,43990,37272,41859,30278,28192,6880,14334,592,1831,7,34,0,0,0,0
인천광역시,중구,운남동,2024,2027,41,23760,8162,50936,17523,84976,32590,80797,79468,51467,29250,49960,25541,52816,27847,48161,29714,53012,34298,49445,37027,126646,56398,74966,61759,53159,58398,44157,65351,28868,61227,23659,46199,17570,41668,13654,45558,5728,20021,389,2773,15,28,0,0,0,0
인천광역시,중구,운북동,2024,326,32,46488,19881,157415,100006,229664,149432,184373,138746,138842,104716,124408,98306,122324,111293,119643,102505,111304,92739,111604,108920,122045,137452,147574,152193,150014,155661,159297,217948,134577,199565,92266,127211,93706,130850,82729,116470,45057,95107,15158,31859,27,220,0,0,0,0
인천광역시,중구,운서동,2024,6973,67,474582,538825,691285,970335,985908,1335035,1014249,1436180,755543,839788,644515,766912,726993,1036821,824993,1143888,859210,847027,1029547,798001,1324257,789182,1319637,888094,1416518,986237,1543898,952462,921123,806473,840667,678885,977504,579424,942745,502903,315822,354137,10639,149732,2927,317,878,98,341,0
인천광역시,중구,유동,2024,0,0,2063,959,1118,1457,3636,5984,4985,12206,3509,3515,3636,3467,3332,3316,3921,3317,4227,3494,3862,3441,5851,4368,6200,4466,6625,4776,4086,4980,2147,3321,1390,2628,1912,1874,895,1827,362,1066,12,86,0,0,0,0,0,0
인천광역시,중구,율목동,2024,0,0,596,223,483,399,1453,2222,3489,5998,2364,1704,1815,1036,2386,1328,3524,1182,2978,1010,3391,1086,8110,1542,7095,1490,4610,1288,5384,1463,2158,816,1795,603,1729,376,1154,402,719,150,0,0,0,0,0,0,0,0
인천광역시,중구,을왕동,2024,16,0,797,491,8231,2947,6773,8212,6362,15068,10236,17294,13732,15251,24203,18697,17149,20463,17159,21349,22185,26726,24717,30307,23714,22991,23227,19857,23093,15336,23309,10914,24811,9183,16829,6315,7169,4609,8,214,0,0,0,0,0,0,0,0
인천광역시,중구,인현동,2024,26633,2582,136460,78305,299130,223113,646369,460374,585270,567893,380819,374847,359142,365659,381367,406550,422595,410704,418815,435317,420442,403476,508829,441743,567222,493281,643700,557381,675151,648528,417634,523489,314185,322358,254571,265667,190548,232978,93405,140514,10085,44458,116,195,0,0,0,1
인천광역시,중구,전동,2024,0,0,2539,1299,5356,3312,8920,7573,10032,17970,8214,6539,7169,6612,6882,7471,8317,7691,7789,8235,6417,8255,9833,10256,11442,11011,7745,11236,6119,11760,3716,8628,2475,6633,2069,6047,1567,5066,199,2081,15,224,0,0,0,0,0,0
인천광역시,중구,중산동,2024,1096,10,91886,4813,152007,32118,242604,60257,189587,105386,123036,76328,116406,58226,137566,62919,117771,73218,106723,90239,97858,101781,131084,160805,134349,180244,113205,172371,91718,190329,75567,199022,66676,128566,62438,114591,49137,122180,17397,63747,1323,17814,186,369,0,0,0,0
인천광역시,중구,중앙동2가,2024,0,0,0,10,0,12,0,43,4,241,4,361,8,95,10,54,4,116,3,133,14,111,11,129,15,61,20,60,27,49,11,23,21,34,15,19,9,16,3,4,0,0,0,0,0,0,0,0
인천광역시,중구,항동3가,2024,1,0,104,174,353,755,476,1049,795,2884,825,1327,1068,851,1343,794,1414,990,1801,1016,1994,858,2729,795,4152,717,4742,1179,5593,1414,1509,544,1631,340,1083,495,783,190,234,64,0,0,0,0,0,0,0,0
인천광역시,중구,항동5가,2024,0,0,299,58,567,617,917,1174,638,3148,1042,1207,705,993,795,1081,1180,1175,1220,1118,1724,982,2049,844,3574,1427,4697,2728,7710,3145,2048,1242,1463,1062,1646,759,1347,590,438,228,0,0,0,0,0,0,0,0
인천광역시,중구,항동7가,2024,2730,250,24989,47388,41723,108664,72877,183283,73432,190255,56105,88754,57446,69905,76106,80293,76785,83586,82464,77594,87700,70440,93965,70925,94499,71929,158864,70844,109151,60708,54561,48083,43249,40192,29686,33099,16776,24322,3392,15282,236,5175,24,683,0,0,0,0
인천광역시,중구,해안동1가,2024,3,0,135,380,72,952,378,2590,246,6623,564,2718,396,2589,511,2153,624,2334,608,2820,611,2376,709,2239,1218,2011,708,1938,1340,1813,467,1155,324,700,387,678,449,434,112,288,10,36,0,0,0,0,0,0
인천광역시,중구,해안동3가,2024,0,0,286,615,972,1372,690,2445,513,5768,685,4755,557,5164,698,2867,1187,2806,1081,2635,1323,2144,2035,1775,2801,1827,2337,2339,3093,1885,1441,1639,1318,1828,1832,1439,1311,1364,720,1001,9,20,0,0,0,0,0,0
