발생량_10시,시군구,발생량_09시,도착량_01시,도착량_17시,발생량_14시,도착량_10시,도착량_08시,발생량_23시,도착량_18시,발생량_12시,발생량_07시,발생량_22시,발생량_00시,시도,도착량_19시,년도,발생량_20시,발생량_04시,도착량_16시,도착량_20시,발생량_05시,도착량_14시,발생량_02시,도착량_22시,읍면동,발생량_08시,발생량_06시,도착량_02시,도착량_05시,도착량_03시,발생량_03시,발생량_11시,발생량_21시,도착량_00시,발생량_19시,발생량_16시,도착량_21시,도착량_23시,도착량_09시,발생량_18시,도착량_07시,도착량_15시,도착량_11시,발생량_01시,도착량_12시,발생량_13시,발생량_17시,도착량_13시,발생량_15시,도착량_04시,도착량_06시
20743,계룡시,21570,0,30763,29281,16105,48857,1567,31963,33306,23841,9092,0,충청남도,23125,2023,14467,0,34487,18565,1479,20713,0,16975,금암동,31328,9079,0,637,0,0,22341,14558,0,15778,49836,17643,5891,18649,27665,13603,27448,20290,0,21774,27055,31568,22019,38769,0,3351
21277,계룡시,24288,0,26779,19759,9733,25675,678,30382,18724,29288,6431,0,충청남도,22718,2023,7652,0,33241,18722,494,16211,0,18124,두마면,37567,10214,0,389,0,0,20304,8790,1,13985,25464,18851,7183,10540,23033,13921,24887,12210,0,15788,24440,21576,16939,22294,0,5816
7454,계룡시,7413,0,10352,8233,4708,18448,434,9150,11045,9907,2440,0,충청남도,9778,2023,4041,0,7958,7232,266,5688,0,6577,신도안면,9372,1996,0,0,0,0,10312,3934,6,5896,29208,6961,2902,5746,10358,13515,7649,4431,0,5512,9120,16124,6670,18961,0,1703
28115,계룡시,31402,0,58517,27625,22335,29490,3513,41275,31963,46186,15599,0,충청남도,33899,2023,22961,0,54712,27707,3839,35188,0,21752,엄사면,52733,17407,0,13,0,0,31251,21600,7,22367,33811,21853,9118,21422,30563,11026,42503,24431,0,31718,32689,38652,33225,33748,0,4141
19,공주시,0,0,0,0,0,0,0,0,0,0,0,0,충청남도,0,2023,0,0,0,0,0,0,0,0,검상동,0,0,0,0,0,0,1,0,0,0,0,0,0,0,0,0,0,0,0,0,0,0,0,0,0,0
689,공주시,1886,0,208,1277,191,257,0,293,1666,3245,0,0,충청남도,61,2023,0,0,193,47,0,312,0,0,계룡면,2550,2,0,0,0,0,2523,87,0,604,728,17,0,171,532,499,179,296,0,364,841,397,216,1352,0,0
25,공주시,1,0,199,4,37,3021,0,0,4,0,0,0,충청남도,13,2023,5,0,23,5,0,23,0,0,교동,439,0,0,0,0,0,0,0,0,2,5,0,0,80,0,0,956,0,0,49,60,468,34,3127,0,0
2,공주시,0,0,143,26,253,2,0,37,0,0,0,0,충청남도,89,2023,2,0,0,42,0,138,0,2,금성동,0,0,0,0,0,0,13,2,0,9,7,46,0,0,2,7,140,187,0,0,19,37,142,24,0,0
1429,공주시,2579,0,1480,1593,547,1965,13,1436,1558,7061,492,0,충청남도,706,2023,586,0,1239,604,0,563,0,347,금흥동,4040,927,0,0,0,0,1673,837,0,923,1575,843,53,388,1711,1680,881,524,0,384,1399,1380,565,1654,0,495
44,공주시,37,0,26,31,26,184,0,44,24,311,4,0,충청남도,18,2023,10,0,52,14,0,27,0,5,동현동,44,0,0,0,0,0,42,3,0,5,22,6,0,48,32,13,39,42,0,45,62,17,17,37,0,3
95,공주시,71,0,63,10,60,42,0,13,69,73,0,0,충청남도,25,2023,0,0,130,11,0,77,0,0,반죽동,69,0,0,0,0,0,35,3,0,8,408,3,0,96,65,0,184,60,0,58,12,62,18,332,0,0
7752,공주시,5724,0,7032,14171,14869,18706,42,5995,8297,3739,2077,0,충청남도,4320,2023,9779,0,8891,2895,553,11115,0,1700,반포면,4976,1962,0,32,0,0,12614,5610,0,9310,16406,2779,404,16814,10875,8152,9619,15696,0,12643,12470,12708,10090,17192,0,4028
0,공주시,161,0,0,0,0,1,0,0,83,45,0,0,충청남도,0,2023,3,0,5,1,0,0,0,0,봉정동,0,0,0,0,0,0,68,0,0,0,8,0,0,3,0,0,1,0,0,9,0,0,0,46,0,0
1299,공주시,874,0,275,180,51,261,0,95,97,649,1,0,충청남도,11,2023,8,0,105,124,0,178,0,1,사곡면,438,18,0,0,0,0,425,1,0,4,134,17,0,46,367,30,64,7,0,20,441,165,21,951,0,1
1669,공주시,49,0,635,2085,1304,871,0,270,30,1612,278,0,충청남도,394,2023,137,0,39,243,0,620,0,13,산성동,749,0,0,0,0,0,1859,388,0,879,1589,331,0,6,60,1090,604,829,0,6,2189,2663,737,1964,0,0
0,공주시,3,0,28,21,0,10,0,11,124,462,0,0,충청남도,0,2023,0,0,0,0,0,47,0,0,상왕동,695,0,0,0,0,0,0,0,0,1,0,0,0,0,69,9,0,0,0,21,261,0,3,31,0,0
0,공주시,311,0,0,0,0,0,0,0,0,25,0,0,충청남도,0,2023,0,0,0,0,0,0,0,0,석장리동,0,0,0,0,0,0,0,0,0,0,0,0,0,49,0,1,0,0,0,2,16,0,6,0,0,6
101,공주시,163,0,237,395,166,414,0,253,145,155,64,0,충청남도,56,2023,46,0,157,56,0,118,0,4,송선동,244,0,0,0,0,0,182,73,0,99,445,124,0,291,400,77,131,124,0,66,114,205,122,284,0,0
4608,공주시,6500,0,7920,8510,4325,4802,361,6174,6097,9609,6761,0,충청남도,3374,2023,3473,0,6022,2564,0,4540,0,1387,신관동,9693,1472,0,0,0,0,6882,5870,0,6094,9417,2455,254,3972,8725,4338,4462,3395,0,3673,4764,8696,4845,5989,0,440
44,공주시,456,0,45,32,14,0,0,1,27,67,0,0,충청남도,7,2023,8,0,41,1,0,12,0,0,신풍면,307,26,0,0,0,0,114,0,0,6,59,0,0,6,5,3,21,3,0,8,23,42,21,38,0,4
18,공주시,53,0,140,11,39,32,0,9,66,8,0,0,충청남도,9,2023,1,0,43,2,0,34,0,0,쌍신동,0,2,0,0,0,0,16,1,0,2,23,4,0,75,4,1,35,26,0,32,0,9,37,3,0,1
270,공주시,157,0,630,427,279,326,0,200,40,1089,90,0,충청남도,278,2023,7,0,58,233,0,326,0,10,옥룡동,1287,0,0,0,0,0,466,234,0,312,607,300,0,7,38,433,532,196,0,14,375,490,193,69,0,0
47,공주시,92,0,14,138,7,45,0,14,345,856,0,0,충청남도,46,2023,7,0,56,10,0,69,0,0,우성면,1192,0,0,0,0,0,162,0,0,7,76,0,0,11,27,245,164,146,0,67,63,12,23,138,0,3
31,공주시,1,0,6,11,43,56,0,0,17,0,0,0,충청남도,0,2023,9,0,5,2,0,12,0,0,웅진동,1,0,0,0,0,0,0,0,0,1,7,0,0,39,0,0,25,0,0,3,3,5,23,4,0,0
4029,공주시,5857,0,2207,2800,989,1134,157,1768,2451,8749,309,0,충청남도,1374,2023,530,0,1736,1032,0,1157,0,702,월송동,7688,1369,0,0,0,0,2924,353,0,849,1412,1245,309,601,1969,1324,1699,1285,0,816,3570,2257,1179,1797,0,71
2871,공주시,4022,0,0,2,882,0,0,2165,2749,1906,0,0,충청남도,179,2023,1,0,637,2,0,0,0,0,유구읍,1,368,0,0,0,0,0,0,0,600,1176,0,0,3855,1176,166,2579,0,0,2572,1739,0,526,2321,0,19
14,공주시,348,0,20,0,10,0,0,1,79,84,0,0,충청남도,0,2023,0,0,1,0,0,0,0,0,의당면,0,0,0,0,0,0,1,0,0,1,6,0,0,5,1,3,8,0,0,10,3,34,6,26,0,0
419,공주시,588,0,17,39,47,38,0,11,111,498,0,0,충청남도,10,2023,28,0,32,7,0,27,0,0,이인면,1198,202,0,0,0,0,405,8,0,40,41,1,0,16,24,104,41,7,0,72,186,54,14,99,0,11
611,공주시,503,0,148,167,133,549,0,108,389,687,0,0,충청남도,120,2023,86,0,241,139,0,24,0,0,정안면,720,544,0,0,0,0,660,52,0,63,134,5,0,106,402,110,319,507,0,234,358,508,108,595,0,59
119,공주시,394,0,30,65,9,274,0,24,31,64,0,0,충청남도,15,2023,2,0,49,9,0,31,0,0,주미동,523,0,0,0,0,0,116,0,0,13,35,1,0,21,12,3,36,3,0,31,116,19,15,20,0,0
126,공주시,90,0,274,301,311,1775,16,280,195,159,27,0,충청남도,203,2023,210,0,291,101,0,258,0,45,중동,554,0,0,0,0,0,117,722,0,219,833,248,6,475,519,1345,385,210,0,187,151,414,232,446,0,7
160,공주시,138,0,512,426,296,499,17,521,184,275,26,0,충청남도,457,2023,61,0,460,438,0,567,0,330,중학동,735,47,0,0,0,0,157,30,0,121,182,380,40,364,230,225,603,377,0,359,187,273,460,188,0,27
0,공주시,21,0,29,0,0,216,0,6,7,23,0,0,충청남도,0,2023,5,0,0,0,0,0,0,0,탄천면,224,14,0,0,0,0,0,0,0,1,3,0,0,0,5,0,0,0,0,1,12,360,0,32,0,3
3,공주시,41,0,8,87,29,3,0,12,0,3,0,0,충청남도,12,2023,3,0,23,5,0,9,0,0,태봉동,6,0,0,0,0,0,2,0,0,2,8,1,0,5,22,3,7,0,0,37,9,1,57,24,0,0
549,금산군,1040,0,10,346,12,18,0,48,128,1602,0,0,충청남도,65,2023,13,0,70,0,0,6,0,0,군북면,1568,378,0,0,0,0,534,0,0,52,191,0,0,2,129,1,3,12,0,11,782,142,45,67,0,0
3487,금산군,2353,0,226,2426,244,240,0,216,2510,3169,0,0,충청남도,162,2023,41,0,337,43,48,181,0,0,금산읍,2769,961,0,0,0,0,3227,0,0,681,1895,0,0,305,1788,328,142,209,0,184,2904,1743,269,2273,0,13
2745,금산군,1812,0,128,1005,31,31,0,129,929,593,0,0,충청남도,55,2023,50,0,127,9,0,91,0,0,금성면,2511,977,0,0,0,0,1045,0,0,182,783,0,0,34,803,10,71,22,0,34,1668,1646,79,1046,0,8
1237,금산군,2817,0,1949,1035,240,1173,0,441,1039,2740,0,0,충청남도,80,2023,163,0,2235,44,0,306,0,19,남이면,833,324,0,0,0,0,1233,832,0,323,4809,191,0,264,187,227,941,275,0,254,555,1047,114,2215,0,1
1712,금산군,3930,0,490,1065,131,275,0,243,2332,4070,0,0,충청남도,216,2023,81,0,308,11,0,118,0,14,남일면,2194,703,0,0,0,0,455,8,0,204,891,1,0,113,210,555,24,77,0,156,1103,1061,29,749,0,5
5453,금산군,7672,0,5580,3264,4353,8128,0,3514,4675,4315,454,0,충청남도,4751,2023,1043,0,5485,2015,0,3450,0,1833,복수면,9271,3092,0,0,0,0,4837,682,0,1374,4370,2810,0,4834,3532,3695,3964,5745,0,4235,4639,6341,4029,3995,0,1567
39,금산군,2060,0,26,309,15,21,0,26,128,238,0,0,충청남도,63,2023,5,0,16,0,0,30,0,0,부리면,1915,364,0,0,0,0,1024,0,0,10,400,0,0,42,55,1,44,42,0,23,667,103,18,439,0,14
1830,금산군,2423,0,37,757,95,22,0,45,757,870,0,0,충청남도,34,2023,16,0,39,6,0,41,0,0,제원면,984,549,0,0,0,0,188,0,0,251,593,0,0,59,224,21,21,10,0,46,682,269,61,337,0,7
4482,금산군,4225,0,2938,3538,2176,3867,0,1466,4004,4559,79,0,충청남도,1074,2023,332,0,1936,1137,13,1643,0,663,진산면,4270,1687,0,1,0,0,2914,237,0,2664,8197,357,0,4116,2973,1429,1580,2035,0,2726,5137,5512,2014,6321,0,1023
21749,금산군,17011,0,17693,23098,13654,12237,43,16511,23989,14556,3345,0,충청남도,15129,2023,8093,0,18035,14416,1788,13843,0,14004,추부면,19139,5870,0,5,0,0,22005,5116,0,12348,26889,13344,5410,15745,18797,11211,15260,12606,0,15007,23683,27322,14381,22253,0,3082
0,논산시,0,0,0,0,0,0,0,0,0,0,0,0,충청남도,0,2023,0,0,0,0,0,0,0,0,가야곡면,0,0,0,0,0,0,2,0,0,0,0,0,0,0,0,0,0,4,0,0,0,0,0,0,0,1
2737,논산시,1692,0,341,2080,1125,600,0,349,1943,1310,0,0,충청남도,221,2023,422,0,474,67,0,824,0,10,강경읍,971,145,0,0,0,0,2556,620,0,885,4672,39,0,1642,2390,434,390,1463,0,298,2850,1535,1563,3228,0,3
442,논산시,456,0,348,202,103,49,0,352,177,37,0,0,충청남도,224,2023,30,0,564,105,0,214,0,4,내동,254,0,0,0,0,0,435,0,0,165,163,0,0,104,101,19,308,119,0,197,158,139,227,243,0,0
2852,논산시,2743,0,2623,2606,2914,652,0,2239,2116,3049,190,0,충청남도,1489,2023,695,0,2183,1117,0,1699,0,485,벌곡면,4247,1150,0,0,0,0,2499,68,0,1233,2222,675,0,2094,2356,2125,1307,3217,0,2524,3006,1502,2097,2620,0,730
454,논산시,0,0,0,0,0,2,0,2,3,0,0,0,충청남도,0,2023,15,0,3,0,0,0,0,0,상월면,572,0,0,0,0,0,0,0,0,0,32,0,0,0,20,0,0,0,0,0,237,0,4,0,0,0
0,논산시,0,0,0,0,0,0,0,0,0,46,0,0,충청남도,0,2023,0,0,0,0,0,0,0,0,양촌면,24,0,0,0,0,0,0,0,0,0,0,0,0,0,0,187,0,0,0,0,0,0,0,0,0,0
12,논산시,0,0,0,20,2,0,0,4,5,1,0,0,충청남도,0,2023,0,0,9,0,0,15,0,0,연무읍,1,0,0,0,0,0,7,0,0,0,21,0,0,0,21,0,0,0,0,0,0,0,0,0,0,0
809,논산시,1397,0,146,432,435,189,0,134,584,855,14,0,충청남도,88,2023,71,0,232,83,0,76,0,26,연산면,745,0,0,0,0,0,577,22,0,207,723,2,0,346,393,523,160,220,0,180,635,678,156,577,0,0
0,논산시,0,0,0,0,1,0,0,0,0,0,0,0,충청남도,0,2023,0,0,0,0,0,0,0,0,채운면,0,0,0,0,0,0,0,0,0,0,0,0,0,0,0,0,0,0,0,0,0,0,0,0,0,0
182,당진시,201,0,239,50,213,93,0,275,46,210,0,0,충청남도,206,2023,15,0,283,262,0,158,0,0,고대면,45,1,0,0,0,0,141,0,0,20,74,328,0,220,39,94,243,143,0,143,78,16,163,54,0,56
17,당진시,19,0,0,2,0,184,0,0,0,1543,0,0,충청남도,0,2023,0,0,0,0,0,2,0,0,대덕동,2200,0,0,0,0,0,0,0,0,0,0,0,0,3,0,303,0,1,0,0,0,0,0,0,0,0
495,당진시,608,0,50,27,255,112,0,78,95,310,0,0,충청남도,22,2023,1,0,46,7,0,73,0,0,대호지면,109,263,0,0,0,0,159,0,0,22,13,0,0,119,98,175,86,112,0,26,215,129,145,57,0,45
0,당진시,0,0,0,0,0,0,0,0,0,0,0,0,충청남도,0,2023,0,0,0,0,0,0,0,0,면천면,0,0,0,0,0,0,0,0,0,0,0,0,0,0,0,0,0,0,0,0,9,0,5,0,0,0
1504,당진시,2266,0,174,1269,388,608,0,109,1405,816,2,0,충청남도,120,2023,118,0,237,217,0,280,0,4,석문면,867,29,0,0,0,0,275,5,0,620,133,70,0,263,693,280,119,538,0,226,162,1191,161,81,0,36
684,당진시,227,0,1081,396,307,350,0,776,97,490,0,0,충청남도,693,2023,32,0,2153,475,0,552,0,0,송산면,397,0,0,0,0,0,78,0,0,36,398,0,0,243,65,361,1166,299,0,457,146,77,578,54,0,0
384,당진시,330,0,280,301,158,206,0,127,224,641,1,0,충청남도,131,2023,105,0,301,101,0,395,0,78,송악읍,385,9,0,0,0,0,144,26,0,106,290,45,3,97,128,391,174,146,0,166,233,339,202,164,0,154
1078,당진시,585,0,408,266,335,291,0,380,693,712,0,0,충청남도,102,2023,35,0,931,37,0,119,0,0,순성면,621,31,0,0,0,0,301,4,0,74,1537,59,0,114,375,688,548,235,0,202,860,764,290,844,0,1
2307,당진시,3876,0,3164,3143,1575,1741,2,2011,2411,4441,464,0,충청남도,1824,2023,650,0,4255,552,0,2095,0,342,신평면,3771,905,0,0,0,0,2102,598,0,2530,8244,408,1,1676,2843,4679,2787,1717,0,1751,3060,5004,2236,4473,0,120
470,당진시,154,0,68,37,59,51,0,85,422,630,0,0,충청남도,16,2023,4,0,150,24,0,45,0,4,우강면,419,0,0,0,0,0,76,5,0,7,66,9,0,57,40,157,127,30,0,211,86,55,43,191,0,0
2319,당진시,2648,0,2134,2964,960,815,11,1718,2303,2876,441,0,충청남도,458,2023,1304,0,2792,289,0,1568,0,87,원당동,2961,21,0,0,0,0,2233,686,1,1208,2515,165,2,760,2382,347,2124,1262,0,664,1914,2330,1522,2471,0,2
1356,당진시,1873,0,1000,1439,410,791,0,743,550,790,0,0,충청남도,391,2023,328,0,687,161,0,450,0,0,읍내동,3855,0,0,0,0,0,1458,89,0,654,1883,32,0,664,1375,111,341,372,0,205,1780,1404,391,1400,0,0
64,당진시,154,0,11,1,26,4,0,2,2,119,0,0,충청남도,6,2023,1,0,58,1,0,9,0,0,정미면,81,0,0,0,0,0,101,0,0,9,2,0,0,14,0,2,36,12,0,1,262,36,27,63,0,0
0,당진시,0,0,0,0,0,0,0,0,0,11,0,0,충청남도,0,2023,0,0,0,0,0,0,0,0,채운동,0,0,0,0,0,0,0,0,0,0,0,0,0,0,0,0,1,0,0,1,0,0,0,0,0,0
272,당진시,3884,0,67,400,73,541,0,164,419,1341,0,0,충청남도,42,2023,27,0,356,129,0,342,0,0,합덕읍,1538,11,0,0,0,0,258,9,0,62,205,50,0,470,85,436,461,137,0,393,709,224,184,286,0,6
2,당진시,1,0,46,8,169,92,0,91,0,0,0,0,충청남도,11,2023,0,0,70,10,0,26,0,32,행정동,0,0,0,0,0,0,1,0,0,1,1,6,0,6,1,29,66,41,0,28,6,2,32,3,0,1
1155,보령시,1169,0,577,854,576,455,0,384,789,755,15,0,충청남도,344,2023,203,0,684,170,0,418,0,97,궁촌동,852,313,0,0,0,0,1339,112,0,378,581,108,1,527,426,306,509,548,0,388,736,573,550,764,0,42
1167,보령시,1406,0,392,455,284,165,0,236,854,1132,5,0,충청남도,192,2023,45,0,444,104,0,328,0,14,남곡동,1825,77,0,0,0,0,778,42,0,107,352,89,0,229,162,112,460,319,0,401,800,286,423,363,0,14
6320,보령시,12603,0,1127,2660,915,933,0,1043,4858,5923,1,36,충청남도,322,2023,188,0,1435,129,0,946,0,1,남포면,5182,561,0,0,0,0,4977,177,1,693,3174,169,0,1337,2126,1056,815,862,0,1266,5035,2878,1525,2388,0,62
13188,보령시,7410,0,5475,9681,4482,4901,0,4984,11829,2781,190,0,충청남도,2947,2023,2684,0,6811,2356,0,6203,0,129,내항동,6795,369,0,0,0,0,9460,2558,0,5335,12907,459,0,4112,6691,2719,6398,6435,0,7137,15074,8966,7270,16328,0,209
47088,보령시,44941,0,14312,34179,13983,16259,0,10226,47550,38951,341,0,충청남도,4988,2023,8634,0,19734,3640,0,11181,0,353,대천동,39415,2515,0,0,0,0,51169,8700,0,14565,60902,2765,6,14028,33863,13609,13725,11897,0,11597,52435,45182,13393,54136,0,251
6913,보령시,9814,0,8110,4456,3885,7317,0,5444,5879,11572,8,0,충청남도,2716,2023,387,0,10745,1810,0,3974,0,498,동대동,11677,207,0,0,0,0,6148,747,0,927,8642,1224,10,4319,2319,5377,6379,3993,0,4185,6462,3131,5012,4596,0,10
39187,보령시,51284,0,11469,27250,9719,15279,12,7583,31318,60123,1721,13,충청남도,3609,2023,7494,0,14588,2508,0,9592,0,316,명천동,57985,7326,0,0,0,0,35809,7264,17,9709,37775,2228,0,8757,18946,13167,10421,8595,0,9234,33108,25109,9909,27733,0,575
1394,보령시,1899,0,100,1231,213,225,0,195,1687,1535,0,0,충청남도,19,2023,4,0,149,28,0,393,0,0,미산면,2015,431,0,0,0,0,965,0,0,16,207,4,0,200,788,262,52,281,0,112,2278,469,514,319,0,3
1830,보령시,3334,0,466,1142,297,558,0,265,1316,3494,0,0,충청남도,158,2023,172,0,632,101,0,411,0,0,성주면,3313,119,0,0,0,0,1616,10,0,148,962,53,0,274,250,639,377,400,0,437,1348,871,321,1080,0,0
15332,보령시,14244,0,6938,17839,9068,7741,0,5603,16895,15174,7277,0,충청남도,4351,2023,8269,0,11489,3002,0,9024,0,901,신흑동,14045,3441,0,0,0,0,16844,5054,0,10092,32103,2640,0,6473,17469,4350,11458,7835,0,10870,17504,18594,11714,23195,0,1030
2768,보령시,2473,0,366,1564,529,397,0,169,1436,3095,0,0,충청남도,162,2023,179,0,711,69,0,529,0,0,오천면,5159,619,0,0,0,0,1148,25,0,400,1424,33,0,265,544,621,336,345,0,299,837,727,412,939,0,10
1693,보령시,2221,0,437,1156,546,705,0,589,910,1410,336,0,충청남도,342,2023,490,0,499,392,0,359,0,95,요암동,2523,72,0,0,0,0,933,190,0,911,1035,291,3,589,1443,468,430,395,0,370,1171,1065,404,1070,0,35
13990,보령시,13025,0,2632,7435,2755,3047,0,1795,8742,8799,4,0,충청남도,572,2023,524,0,2953,354,0,2232,0,6,웅천읍,15259,520,0,0,0,0,8687,803,0,1007,9633,571,0,2509,3212,2673,2266,2028,0,2571,8145,5773,2373,5697,0,22
4084,보령시,7729,0,664,2119,566,533,0,486,2485,8963,0,0,충청남도,201,2023,249,0,748,176,0,521,0,0,주교면,4787,106,0,0,0,0,3281,73,0,261,1860,165,0,540,899,1307,683,436,0,500,2722,1537,568,2572,0,25
2529,보령시,3275,0,445,1467,346,1471,0,232,1948,1496,0,0,충청남도,121,2023,8,0,1093,47,0,320,0,7,주산면,4113,433,0,0,0,0,1359,45,0,295,3759,18,0,447,533,83,1011,383,0,250,1482,1750,428,2796,0,1
2722,보령시,3673,0,704,2493,470,523,10,366,2037,4025,0,3,충청남도,284,2023,167,0,602,160,0,425,0,0,주포면,4653,121,0,0,0,0,1122,155,3,515,2532,177,0,367,932,543,692,308,0,503,3208,2155,462,2594,0,46
4533,보령시,6485,0,1487,2607,688,1436,0,1001,2801,9085,0,0,충청남도,499,2023,371,0,1994,261,0,799,0,0,죽정동,9900,283,0,0,0,0,2910,98,0,619,3145,135,0,474,1469,1585,983,621,0,613,3933,2262,778,1873,0,29
5288,보령시,4643,0,641,2135,682,496,0,660,3064,4663,0,0,충청남도,451,2023,566,0,823,212,0,553,0,0,천북면,6106,36,0,0,0,0,4581,0,0,1050,1820,1,0,507,1756,294,317,630,0,590,2291,1612,607,1681,0,26
3148,보령시,3409,0,217,1054,208,232,0,232,1219,3161,0,0,충청남도,114,2023,39,0,250,76,0,326,0,0,청라면,5435,1356,0,0,0,0,2101,6,0,114,1790,56,0,296,690,188,225,257,0,245,2368,838,243,1002,0,50
2456,보령시,3754,0,314,974,486,304,0,385,1083,4249,0,0,충청남도,137,2023,82,0,195,83,0,182,0,4,청소면,2043,98,0,0,0,0,964,12,0,127,603,33,0,215,466,261,212,218,0,566,1643,245,284,752,0,5
391,보령시,27,0,32,135,26,4,0,34,45,461,0,0,충청남도,6,2023,10,0,8,2,0,10,0,0,화산동,227,8,0,0,0,0,22,0,0,25,4,3,0,6,27,18,3,0,0,15,21,9,8,11,0,0
82,부여군,144,0,1,112,10,16,0,11,1,159,0,0,충청남도,5,2023,0,0,11,0,0,5,0,0,규암면,38,0,0,0,0,0,0,0,0,26,70,0,0,20,145,77,0,0,0,0,212,27,22,0,0,0
1066,부여군,758,0,78,756,121,95,0,133,7,16,0,0,충청남도,72,2023,15,0,3,68,0,150,0,0,부여읍,877,11,0,0,0,0,854,0,0,313,12,0,0,92,288,8,30,147,0,1,303,237,51,93,0,0
0,부여군,4,0,0,0,0,0,0,0,0,0,0,0,충청남도,0,2023,0,0,0,0,0,0,0,0,양화면,0,0,0,0,0,0,0,0,0,0,0,0,0,0,0,0,0,0,0,0,0,0,0,0,0,0
8,부여군,3,0,5,12,1,1,0,2,15,5,0,0,충청남도,1,2023,0,0,1,1,0,3,0,0,외산면,4,1,0,0,0,0,3,0,0,0,8,0,0,2,1,1,1,1,0,0,7,1,0,2,0,0
15,부여군,17,0,0,14,30,0,0,13,0,10,0,0,충청남도,4,2023,0,0,6,1,0,4,0,0,은산면,38,4,0,0,0,0,624,0,0,3,281,0,0,4,13,2,38,87,0,0,24,5,3,160,0,0
1,부여군,3,0,0,0,1,0,0,0,0,0,0,0,충청남도,0,2023,0,0,0,0,0,0,0,0,홍산면,0,0,0,0,0,0,0,0,0,0,0,0,0,0,0,0,0,0,0,0,1,0,0,0,0,0
40,서산시,0,0,0,0,0,0,0,0,0,0,0,0,충청남도,0,2023,0,0,0,0,0,0,0,0,갈산동,0,0,0,0,0,0,0,0,0,0,7,0,0,0,0,0,0,0,0,0,0,0,0,0,0,0
0,서산시,0,0,6,0,0,0,0,0,0,0,0,0,충청남도,0,2023,0,0,0,0,0,2,0,0,고북면,7,0,0,0,0,0,7,0,0,0,0,0,0,0,1,0,0,4,0,0,0,2,0,0,0,0
48,서산시,795,0,37,225,16,27,0,26,242,685,0,0,충청남도,5,2023,366,0,9,10,0,61,0,0,대산읍,336,4,0,0,0,0,165,122,0,157,257,12,0,21,464,39,33,87,0,14,143,404,10,267,0,3
158,서산시,100,0,147,300,598,768,0,54,285,5,0,0,충청남도,16,2023,147,0,1535,9,0,346,0,0,동문동,141,0,0,0,0,0,195,30,0,321,593,1,0,826,586,37,290,588,0,823,484,570,881,417,0,0
407,서산시,174,0,57,40,34,25,0,60,103,622,0,0,충청남도,4,2023,2,0,20,2,0,26,0,0,부석면,1017,21,0,0,0,0,35,0,0,24,52,0,0,29,15,36,82,31,0,38,97,16,67,35,0,2
693,서산시,1067,0,367,721,232,96,0,176,763,714,0,0,충청남도,66,2023,1,0,794,4,0,299,0,0,석림동,400,1,0,0,0,0,644,0,0,17,2366,0,0,188,237,485,917,420,0,320,1100,922,415,2299,0,5
744,서산시,2547,0,1228,282,314,647,0,1464,634,3034,0,0,충청남도,1155,2023,63,0,1229,137,0,350,0,0,성연면,3556,7,0,0,0,0,641,117,0,315,730,234,0,390,460,678,1847,602,0,219,964,940,1210,1538,0,19
301,서산시,327,0,50,211,44,70,0,19,170,243,0,0,충청남도,3,2023,16,0,19,7,0,23,0,0,수석동,446,66,0,0,0,0,228,1,0,24,119,8,0,27,353,14,36,21,0,59,505,174,62,184,0,0
139,서산시,328,0,168,194,125,316,0,166,128,445,0,0,충청남도,32,2023,50,0,137,33,0,105,0,0,예천동,750,48,0,0,0,0,354,37,0,45,186,21,0,198,245,180,114,88,0,103,125,269,80,209,0,4
0,서산시,0,0,0,0,0,0,0,0,0,0,0,0,충청남도,0,2023,0,0,0,0,0,0,0,0,오남동,1,0,0,0,0,0,0,0,0,0,0,0,0,0,0,0,0,0,0,0,0,0,0,0,0,0
0,서산시,13,0,12,1,0,57,0,1,0,10,0,0,충청남도,0,2023,0,0,0,0,0,0,0,0,운산면,117,0,0,0,0,0,15,0,0,0,0,9,0,2,1,1,3,0,0,0,31,10,25,0,0,0
9,서산시,17,0,0,0,1,1,0,0,0,0,0,0,충청남도,0,2023,0,0,0,0,0,0,0,0,음암면,3,0,0,0,0,0,17,0,0,0,0,0,0,7,0,13,0,6,0,0,0,0,0,9,0,0
251,서산시,283,0,0,1,5,9,0,0,0,33,0,0,충청남도,0,2023,1,0,8,0,0,0,0,0,인지면,174,23,0,0,0,0,3,0,0,6,26,0,0,3,2,0,17,0,0,0,77,0,4,122,0,1
36,서산시,411,0,121,70,69,16,0,233,73,381,0,0,충청남도,98,2023,2,0,188,69,0,116,0,0,지곡면,19,319,0,0,0,0,23,3,0,9,20,48,0,31,10,119,2,89,0,9,16,10,116,0,0,4
3,서산시,14,0,91,8,18,6,0,3,3,16,0,0,충청남도,7,2023,0,0,0,0,0,10,0,0,팔봉면,1,5,0,0,0,0,0,0,0,0,0,0,0,6,0,8,7,2,0,0,0,1,1,6,0,5
57,서산시,50,0,34,75,25,64,0,38,65,579,0,0,충청남도,1,2023,0,0,38,18,0,32,0,0,해미면,150,78,0,0,0,0,208,0,0,0,24,5,0,58,40,1690,24,40,0,58,41,86,61,0,0,0
99,서천군,109,0,1,17,6,2,0,4,96,146,0,0,충청남도,3,2023,0,0,5,0,0,9,0,0,기산면,130,0,0,0,0,0,71,0,0,2,6,0,0,7,13,1,1,8,0,7,6,13,3,8,0,0
30,서천군,147,0,17,3,2,0,0,0,8,113,0,0,충청남도,0,2023,0,0,41,0,0,1,0,0,마산면,95,0,0,0,0,0,37,0,0,1,81,0,0,3,0,12,4,0,0,1,25,41,0,74,0,0
1096,서천군,221,0,31,406,267,1307,0,145,474,493,52,0,충청남도,19,2023,748,0,104,116,0,177,0,48,마서면,1276,121,0,0,0,0,119,40,0,278,462,9,0,41,881,42,28,71,0,188,354,97,44,375,0,7
636,서천군,342,0,8,100,55,44,0,2,4,291,0,0,충청남도,1,2023,0,0,1,0,0,17,0,0,문산면,635,1,0,0,0,0,232,0,0,22,1,0,0,1,8,4,0,0,0,3,288,189,19,79,0,0
67,서천군,83,0,2,61,11,27,0,1,0,158,0,0,충청남도,0,2023,0,0,10,1,0,13,0,0,비인면,169,0,0,0,0,0,6,0,0,1,3,0,0,1,0,0,4,2,0,0,20,41,1,43,0,0
112,서천군,177,0,4,41,0,5,0,5,35,104,0,0,충청남도,0,2023,0,0,0,1,0,3,0,0,서면,372,6,0,0,0,0,41,0,0,6,15,0,0,4,7,8,3,0,0,0,28,14,2,31,0,0
1609,서천군,56,0,9,1437,249,269,0,662,2165,307,343,0,충청남도,2,2023,604,0,645,312,0,363,0,150,서천읍,1596,23,0,0,0,0,213,0,0,2,1266,0,0,14,1243,1,13,6,0,314,50,27,11,40,0,0
0,서천군,58,0,0,2,1,0,0,0,0,36,0,0,충청남도,0,2023,0,0,0,0,0,1,0,0,시초면,0,0,0,0,0,0,11,0,0,0,0,0,0,0,0,0,0,0,0,0,0,0,0,0,0,0
1864,서천군,2056,0,631,1652,322,213,0,561,1865,1536,15,0,충청남도,494,2023,571,0,710,389,0,498,0,123,장항읍,1557,143,0,0,0,0,1419,716,0,1107,3720,275,0,316,1547,266,579,503,0,427,2135,2431,506,2895,0,0
133,서천군,296,0,55,97,20,8,0,44,56,248,0,0,충청남도,8,2023,1,0,18,2,0,27,0,0,종천면,427,0,0,0,0,0,196,1,0,14,50,2,0,24,50,5,28,8,0,2,246,469,23,132,0,1
237,서천군,160,0,7,79,16,14,0,31,30,376,0,0,충청남도,40,2023,0,0,16,0,0,3,0,0,판교면,201,0,0,0,0,0,61,0,0,0,41,2,0,13,16,1,16,6,0,6,175,45,37,112,0,0
4,서천군,3,0,1,2,0,0,0,0,71,258,0,0,충청남도,0,2023,0,0,0,0,0,5,0,0,한산면,5,0,0,0,0,0,12,0,0,0,0,0,0,6,0,1,0,2,0,2,0,7,0,1,0,0
12,서천군,0,0,0,1,1,0,0,0,0,172,0,0,충청남도,0,2023,0,0,0,0,0,0,0,0,화양면,10,0,0,0,0,0,36,0,0,0,0,0,0,0,0,0,0,1,0,0,0,0,0,0,0,0
23829,아산시,28581,0,28896,24058,22416,66819,35,26502,32186,43037,2033,0,충청남도,17175,2023,14097,0,50237,12443,41,23523,0,2738,권곡동,37335,11228,0,0,0,0,26073,12734,0,17542,81530,10594,327,26001,26023,52865,38551,23131,0,26290,28968,35778,24957,55651,0,4689
349,아산시,295,0,185,140,195,196,0,65,102,476,0,0,충청남도,51,2023,31,0,106,51,0,110,0,0,기산동,352,62,0,0,0,0,135,55,0,90,76,44,0,257,77,101,206,147,0,249,281,123,191,372,0,133
0,아산시,23,0,2,0,13,0,0,3,6,10,0,0,충청남도,0,2023,0,0,0,0,0,0,0,0,남동,0,24,0,0,0,0,13,0,0,0,0,0,0,83,19,0,11,2,0,2,2,0,2,7,0,1
6603,아산시,10978,0,3498,5629,4865,7429,0,3833,7280,9069,5,0,충청남도,2388,2023,1560,0,4617,1513,0,3459,0,612,도고면,12396,3052,0,0,0,0,5690,1022,0,2768,4660,825,0,5089,4440,4960,4388,5262,0,5454,5933,5644,4786,4457,0,726
34058,아산시,34625,0,36058,28922,20011,24883,0,32580,28565,31570,1047,0,충청남도,23271,2023,17493,0,35192,22924,0,27041,0,3861,둔포면,39978,11265,0,0,0,0,25792,8709,0,15921,29394,12143,6,22201,24874,20524,25193,18863,0,22452,24931,31632,22359,22699,0,3854
7735,아산시,10042,0,8044,5749,3603,6096,0,7432,7113,18539,187,0,충청남도,5373,2023,3188,0,11201,4802,0,4980,0,824,득산동,15613,2917,0,0,0,0,6360,1431,0,4120,5513,4134,0,3335,7187,7355,8289,4377,0,5638,6780,7870,5144,6377,0,1035
60383,아산시,56844,0,74989,71940,60263,80253,228,66868,75936,78189,7911,0,충청남도,43102,2023,50435,0,90949,30186,370,60884,0,8573,모종동,84349,22314,0,128,0,0,68858,41811,0,57328,104140,23014,1398,62776,78758,62654,73537,60826,0,62463,69858,89950,65997,84595,0,12856
18083,아산시,18926,0,16282,16929,12493,22081,0,13147,20666,27849,570,0,충청남도,8903,2023,6890,0,23033,6808,23,14172,0,1132,방축동,28044,7150,0,1,0,0,19620,4590,0,8469,38461,4566,0,12553,13611,19454,19212,14099,0,15756,20133,18562,14371,33741,0,1916
10224,아산시,9723,0,6192,8639,5362,7032,0,5293,8699,13250,65,0,충청남도,3584,2023,1493,0,6944,2843,0,6039,0,403,배미동,13935,2452,0,0,0,0,11744,835,0,2664,7585,2782,0,4821,5642,3971,7767,6637,0,7802,8035,6347,6540,9213,0,437
247780,아산시,280928,1866,345736,289090,216883,310551,59501,332895,276786,344756,136037,6427,충청남도,245568,2023,201206,1758,297785,189800,29228,216067,1262,98772,배방읍,373807,116724,1275,17309,829,651,262152,197928,11734,300436,375000,157196,43470,232331,396257,222807,253868,206009,1822,236026,291532,360302,246862,364380,14,94937
2679,아산시,3487,0,2555,1837,1205,1578,0,2361,2009,5610,12,0,충청남도,1585,2023,453,0,3126,1287,0,1766,0,382,법곡동,6215,1328,0,0,0,0,2406,192,0,834,2165,1487,0,1335,1181,1421,2206,1415,0,1933,2063,1488,1789,1500,0,310
5589,아산시,5772,0,2410,2847,3783,4324,0,2161,4917,8806,2,0,충청남도,1185,2023,611,0,2612,858,0,2406,0,169,선장면,11922,1431,0,0,0,0,3950,13,0,560,2283,501,0,3031,2451,3868,2402,3660,0,4013,3386,1454,3402,1955,0,405
5756,아산시,11900,0,4246,6109,3474,6861,0,2741,5854,10521,3,0,충청남도,1992,2023,613,0,6884,1353,0,4021,0,428,송악면,8113,2001,0,0,0,0,6470,74,0,990,9175,577,0,4802,2736,4054,5591,5500,0,4211,5918,4642,4738,7104,0,754
1366,아산시,798,0,675,746,583,731,29,446,692,872,263,0,충청남도,460,2023,328,0,844,195,0,417,0,179,신동,535,24,0,0,0,0,729,347,0,241,708,210,6,1107,883,1331,592,421,0,410,831,1116,675,758,0,97
3895,아산시,3046,0,3334,4474,2530,4004,4,3486,4103,7584,230,0,충청남도,1732,2023,2156,0,4305,1821,27,3468,0,339,신인동,5313,2784,0,9,0,0,2980,1042,0,1777,4363,1345,12,2255,3714,3278,3967,2239,0,2725,3961,4050,3089,5587,0,844
83486,아산시,81378,5,68118,106842,95571,149640,8943,77858,83395,140060,11065,40,충청남도,58133,2023,37972,3373,87418,48599,7002,61042,0,36435,신창면,111684,38218,0,1731,0,0,82564,34418,7065,48756,148874,50661,21391,83993,111954,75303,67633,76583,1,74537,104514,115356,75493,105439,16,17119
4561,아산시,5720,0,4088,4042,2239,5458,9,3043,4034,11263,141,0,충청남도,2325,2023,1156,0,4501,1859,0,2886,0,298,실옥동,9300,1608,0,0,0,0,4942,578,0,2114,4051,900,23,2170,3721,4435,4150,3168,0,3312,4773,4107,3187,4242,0,382
12460,아산시,16664,0,10529,10255,7656,10447,1,7088,12141,29849,195,0,충청남도,5719,2023,2394,0,9903,3921,0,8049,0,368,염치읍,15657,3624,0,0,0,0,12092,1022,0,3994,9359,2501,6,8821,7555,8706,11624,9987,0,10213,12330,10146,9980,10569,0,1827
14203,아산시,17309,0,9129,9537,8972,11522,0,7795,12234,13966,134,0,충청남도,5068,2023,2885,0,9996,5303,0,8233,0,1399,영인면,18240,5520,0,0,0,0,11185,876,0,3347,10910,2998,2,9691,7933,8059,8516,11328,0,11363,9364,10423,9236,9926,0,1848
275243,아산시,241774,9,274300,348456,328672,301917,13297,249943,344232,218001,36265,301,충청남도,171538,2023,123218,9073,292559,120080,23684,258218,0,58017,온천동,258074,89336,0,6436,0,0,314019,102548,10546,172061,401244,105544,37862,303975,304837,212804,280071,355770,0,316327,350286,310175,305546,392776,43,68122
28346,아산시,32652,0,31217,28491,18836,33142,4,27160,32668,50903,2764,0,충청남도,18651,2023,14238,1,41975,12683,253,21613,0,3277,용화동,50089,19244,0,120,0,0,28640,12995,0,18535,55422,10934,5,19203,26694,24007,35067,20449,0,25887,31980,33425,23641,46577,0,6431
31023,아산시,36067,0,24127,22971,16586,28386,1,24591,27423,45531,1554,0,충청남도,18575,2023,10399,0,29904,14793,0,17004,0,4186,음봉면,44401,10189,0,0,0,0,28687,5643,0,14208,33988,10731,16,16123,24695,20999,21963,16302,0,18478,28062,34079,18638,28511,0,4202
10880,아산시,12196,0,4833,9550,6004,7715,0,3492,10488,6315,72,0,충청남도,2103,2023,1906,0,5259,1402,0,6055,0,467,읍내동,11197,3841,0,0,0,0,10049,472,0,2321,5691,1301,0,7368,5449,2954,5868,6295,0,6669,10080,5110,6648,7500,0,862
11802,아산시,12999,0,6580,7593,5816,6627,0,5922,11003,13036,56,0,충청남도,3187,2023,1959,0,8138,3889,1,6930,0,1372,인주면,17208,4437,0,0,0,0,9035,377,0,2183,8538,1622,0,5179,5112,5509,5645,6459,0,8365,7012,5523,6672,7080,0,1802
7915,아산시,11940,0,5778,5729,4472,4271,0,3550,5687,15350,6,0,충청남도,3166,2023,1057,0,6285,2064,2,4761,0,761,장존동,11142,5136,0,2,0,0,6860,121,0,1720,4954,1226,0,4748,2499,5932,5231,4296,0,4450,5172,3242,4944,3758,0,1908
16,아산시,267,0,9,6,12,0,0,0,54,160,0,0,충청남도,7,2023,0,0,2,0,0,14,0,0,점양동,0,0,0,0,0,0,1,0,0,16,7,4,0,156,0,84,18,7,0,122,5,14,9,12,0,0
360,아산시,515,0,977,431,581,549,0,592,433,371,4,0,충청남도,306,2023,98,0,842,364,0,533,0,89,좌부동,423,478,0,0,0,0,667,35,0,89,349,260,0,304,201,219,866,493,0,524,475,459,524,539,0,260
817,아산시,1188,0,437,1061,872,867,0,577,489,429,1,0,충청남도,352,2023,188,0,700,345,0,812,0,8,초사동,2111,510,0,0,0,0,727,87,0,393,594,254,0,458,621,254,339,764,0,395,955,637,648,377,0,179
50134,아산시,53819,0,72186,56636,32639,56656,8008,74768,53245,86277,15384,386,충청남도,60684,2023,32215,600,64977,45912,10486,36924,0,22316,탕정면,75750,25321,0,1684,0,0,49458,25908,2867,46355,78059,37409,17601,38256,70603,50239,43655,34633,0,39642,53099,80038,44372,68222,3,10645
14352,아산시,16769,0,14685,13797,8749,9642,6,11415,15466,28085,2751,0,충청남도,7966,2023,6252,0,17393,5436,1,10508,0,2144,풍기동,23346,4855,0,0,0,0,14964,5792,0,9618,15947,4757,22,8779,15571,8538,13782,8976,0,10272,14237,18669,11280,15030,0,1441
1454,예산군,439,0,413,97,593,201,0,484,647,1554,0,0,충청남도,85,2023,12,0,685,34,0,398,0,1,고덕면,1140,31,0,0,0,0,223,2,0,58,177,4,0,59,420,769,127,96,0,543,2222,669,854,570,0,5
1070,예산군,1207,0,66,560,109,855,0,93,281,340,0,0,충청남도,81,2023,0,0,164,1,0,121,0,0,광시면,1930,0,0,0,0,0,504,0,0,59,426,0,0,19,218,5,25,84,0,123,563,40,116,37,0,0
2438,예산군,5269,0,295,1114,347,137,0,595,1523,2808,0,0,충청남도,49,2023,246,0,1295,129,0,370,0,0,덕산면,2213,685,0,0,0,0,2606,6,0,379,1405,1,0,701,1704,403,207,299,0,999,1919,1079,564,1060,0,0
447,예산군,1470,0,17,0,15,2,0,98,137,27,0,0,충청남도,15,2023,0,0,28,0,0,0,0,0,봉산면,70,0,0,0,0,0,4,0,0,50,65,0,0,232,67,14,0,0,0,33,33,334,13,0,0,0
1771,예산군,2946,0,1044,1156,758,513,0,842,1331,2338,684,0,충청남도,758,2023,653,0,2134,679,0,483,0,314,삽교읍,3354,577,0,0,0,0,1992,56,0,886,4943,192,0,594,1132,605,905,519,0,389,2537,1683,714,2478,0,15
0,예산군,508,0,1,0,0,42,0,6,13,146,0,0,충청남도,0,2023,5,0,76,34,0,0,0,0,신암면,81,0,0,0,0,0,0,0,0,0,78,0,0,85,1,32,16,0,0,20,220,0,94,8,0,0
163,예산군,405,0,0,0,12,0,0,0,53,0,0,0,충청남도,2,2023,0,0,40,0,0,0,0,0,신양면,0,0,0,0,0,0,164,0,0,0,14,0,0,6,11,0,2,3,0,11,6,0,20,36,0,0
66,예산군,1256,0,1,20,4,200,0,38,424,0,0,0,충청남도,0,2023,355,0,443,88,0,9,0,0,예산읍,3,0,0,0,0,0,421,0,0,0,1483,0,0,530,122,0,13,209,0,142,417,0,448,12,0,0
13109,천안시,17058,0,7745,12840,11803,8207,0,6614,11390,17727,288,0,충청남도,4469,2023,1559,0,8540,3591,3,9045,0,939,광덕면,11314,4797,0,1,0,0,15882,933,0,2852,10475,2329,0,9475,5446,5118,8600,9906,0,9642,14056,8222,7628,12522,0,2244
1529,천안시,1670,0,2314,2180,1218,2697,14,2321,2147,3929,446,0,충청남도,1641,2023,1187,0,2587,1201,0,1801,0,781,구룡동,2745,945,0,0,0,0,2602,497,0,838,2632,1155,273,1646,1860,2134,2055,1923,0,1962,2383,2898,1883,2061,0,328
53556,천안시,63240,2,52441,49814,34864,53546,593,51844,56180,77758,15028,0,충청남도,34743,2023,26526,11,64013,26156,363,38079,0,14939,구성동,81416,33550,0,48,0,0,53778,24734,1,35222,89223,22782,1069,37004,58234,42456,49930,36055,1,40194,55084,60550,39402,64487,5,16886
22439,천안시,27724,171,22380,18852,15233,17436,427,22250,22811,29164,2462,204,충청남도,14592,2023,6122,0,24721,11812,0,16347,59,5910,다가동,33843,14976,113,0,57,12,20488,4540,457,8673,17072,10165,941,16050,16389,13072,20824,16151,114,18200,22812,18295,18099,18250,0,5715
230075,천안시,266289,248,333248,330481,234668,247435,31227,340859,272898,198210,86207,1934,충청남도,221180,2023,187222,23103,282621,172287,42375,249256,197,91775,대흥동,215579,102132,195,10232,91,67,263164,149570,27301,237661,386767,126414,46365,251116,343241,140551,276508,257235,318,263978,267863,370509,270195,357665,55,64918
5130,천안시,6574,0,1843,1287,2746,1405,0,2061,1861,2592,8,0,충청남도,996,2023,217,0,2848,677,0,1830,0,101,동면,7518,3314,0,0,0,0,2711,29,0,1067,1986,331,0,1815,580,767,2032,2887,0,1925,2909,1700,4151,1099,0,448
363921,천안시,450046,3258,547663,370094,312306,450454,48969,622683,431862,469465,196353,7605,충청남도,455952,2023,286954,16326,475833,350853,73691,326256,2583,252482,두정동,574402,220593,1635,14308,917,1383,350199,270329,34880,359773,553884,295835,115639,382226,537432,286715,375115,294225,3622,362049,419056,551273,362133,455953,48,101190
80526,천안시,96385,0,69227,70536,40699,60218,573,53588,73096,144244,8848,0,충청남도,40768,2023,25323,16,88312,30709,271,48121,0,18155,목천읍,128400,39103,0,55,0,0,75707,18400,0,32776,85560,25942,1628,39390,58638,51652,64535,42783,0,51361,76686,70620,51285,73499,4,13813
10062,천안시,9389,84,9337,7200,8520,11469,124,8557,7997,7059,1372,92,충청남도,6054,2023,3092,0,9996,5080,3,8674,11,2925,문화동,11572,1846,83,2,62,8,8063,2139,328,4427,10364,4134,671,8455,9129,6672,8540,7521,26,7595,8249,8393,9270,8104,0,3354
77656,천안시,95689,332,93936,77694,45122,92177,1918,90597,88438,113153,26155,349,충청남도,71676,2023,53307,0,91591,54614,65,56810,260,36857,백석동,132872,33361,158,3,78,48,78639,48013,989,66247,109017,49301,4571,56142,116261,64934,70710,45722,302,58305,86164,116193,59577,101324,0,18855
36442,천안시,32508,8,24882,43248,33751,38212,32,20978,52891,30419,3720,20,충청남도,18825,2023,14182,0,29640,13279,7,26551,3,6847,병천면,32606,14006,0,0,3,3,40753,6739,10,18204,48730,9156,1627,29462,27541,24659,24272,33076,12,34445,46376,35030,30486,36862,0,11674
73643,천안시,76540,0,67139,62117,51315,87784,7623,65689,71025,73901,15932,136,충청남도,44062,2023,29609,321,57975,34045,16704,49561,0,23779,봉명동,87609,40134,0,5468,0,0,72169,24953,2089,37287,96664,31233,11151,66297,63185,68179,54197,43511,0,47210,66564,87935,53362,74545,6,15717
2855,천안시,2391,0,3033,2632,2965,4538,6,2996,2735,1190,354,0,충청남도,1915,2023,1036,0,3017,1626,4,2392,0,895,부대동,2274,715,0,0,0,0,2637,1063,0,1270,6617,1276,24,3863,2717,2064,2878,2509,0,3092,3455,4595,3174,5475,0,949
12971,천안시,18367,0,9870,9940,8211,6947,15,8879,12999,16000,1085,0,충청남도,7007,2023,3628,0,11500,5374,1,9125,0,2732,북면,23777,9314,0,0,0,0,13127,1945,0,4434,9301,3991,357,7544,6358,5281,9312,8131,0,9770,11539,9315,8958,9588,0,2224
99211,천안시,107749,3295,179584,144089,106942,176837,25158,165596,137079,126193,110601,16569,충청남도,132736,2023,178360,0,179247,81986,23,130922,5378,49639,불당동,142417,37174,1797,0,1121,2339,114160,177715,8070,163299,235865,74789,16246,139194,236923,103232,146701,105393,7470,119304,139842,212647,135828,196062,0,27496
84385,천안시,50050,0,44913,118932,80948,36686,281,30402,126888,22217,3396,0,충청남도,15216,2023,14195,0,63728,8777,0,79606,0,3528,사직동,28401,10730,0,0,0,0,106303,7495,0,29745,114622,6686,247,65467,59414,20263,75303,92786,0,86297,122087,95891,84140,126453,0,6695
15906,천안시,15706,0,16212,18734,15588,49749,170,14130,32958,14503,3834,0,충청남도,9208,2023,8393,2,22656,6916,14,12638,0,4634,삼룡동,16972,5273,0,0,0,0,19805,9443,0,10126,61810,6922,352,21566,23863,28237,18417,15635,0,15341,37715,33947,15096,44290,1,6592
64270,천안시,72973,0,71950,52499,31187,47865,399,59768,58514,117270,9942,0,충청남도,41120,2023,27959,36,65190,34849,32,41235,0,17980,성거읍,90798,57181,0,7,0,0,52692,22179,0,38090,60442,29015,2261,31526,61279,37591,53282,29807,0,37989,56833,66796,41161,54970,9,24368
11080,천안시,10422,0,7414,7479,7063,8746,0,5718,6430,12083,808,0,충청남도,4262,2023,2238,0,6422,3650,0,5484,0,1391,성남면,10746,4381,0,0,0,0,8406,1504,0,5240,10561,2803,0,5471,9385,7408,6791,5094,0,6458,8591,15576,6579,7662,0,2366
13721,천안시,18929,4,20537,19092,9449,26437,52,22451,20447,33269,7744,0,충청남도,16668,2023,13558,0,21940,11842,850,13332,0,7819,성성동,25440,9709,0,48,0,0,16510,11250,0,19665,35667,11026,542,12107,27021,18885,17706,9966,0,12504,16302,32412,14434,24872,0,4945
124699,천안시,149339,0,126270,115273,89738,109752,3293,140426,123596,152959,36162,0,충청남도,101551,2023,61266,4,128524,80923,8,93970,0,46868,성정동,179910,71478,0,2,0,0,120399,56670,0,85749,120891,74172,6859,100342,136899,59276,111900,91426,0,90987,125240,129820,98761,123812,1,26571
162864,천안시,186964,2,204970,204571,178454,313081,13031,185256,205901,202964,53382,969,충청남도,141982,2023,119630,465,177109,132137,28962,138801,10,93059,성환읍,194690,81445,4,9237,0,0,168745,81620,13345,139687,331705,114668,58032,311960,250052,221409,152950,141200,3,186251,224767,355100,189110,263630,10,50738
7958,천안시,8999,81,9014,9282,6878,35933,247,8009,14083,7888,2706,61,충청남도,4634,2023,4147,0,15298,3671,2,7031,20,1796,성황동,10073,5912,52,7,8,1,7861,7085,102,6489,51436,3421,311,11382,16017,20754,8947,6187,22,7357,11842,21682,7842,20788,0,1731
4848,천안시,5804,0,3677,3746,3238,3962,0,2531,5356,8592,123,0,충청남도,2763,2023,1139,0,3520,1961,0,3129,0,1139,수신면,10206,2935,0,0,0,0,5759,407,0,2169,4768,1222,0,2390,3224,5170,4773,4345,0,5151,3587,6430,3868,4114,0,1635
23033,천안시,19450,0,21186,38776,21134,67591,405,17825,39821,17518,5020,0,충청남도,13257,2023,16201,0,20331,12162,238,17934,0,5518,신당동,17869,9218,0,4,0,0,26992,11592,0,24070,84254,10385,45,31884,52032,45848,20232,18773,0,25206,40310,73638,24476,70529,0,10791
81428,천안시,111321,0,97775,74784,40081,68015,3852,100575,85164,128116,32367,0,충청남도,74584,2023,43809,0,96611,53097,0,56815,0,37241,신방동,146640,44538,0,0,0,0,75884,43717,0,59298,105640,52431,3563,49756,95617,43650,75899,44256,0,54005,86101,93685,58281,92255,0,12503
362698,천안시,387151,1240,573564,510893,416579,424390,30304,566502,471140,378969,349450,6628,충청남도,383354,2023,638448,4,598424,255568,9153,498893,1530,126584,신부동,441698,187682,816,1492,313,536,399118,549767,2414,650907,765621,205330,13760,437351,780058,317932,547671,457740,4172,513001,497133,749886,523507,641759,14,140378
273210,천안시,294048,1681,299625,281866,197397,271950,16344,306099,313139,310702,83224,1888,충청남도,222804,2023,150255,747,291128,169799,33850,204997,656,115961,쌍용동,385167,162236,884,4181,451,530,288207,125705,10881,194637,372378,149563,43556,228057,315245,144904,251760,198026,969,237249,306949,336842,222270,347287,6,52276
107478,천안시,79176,1,84710,185932,144513,155858,1405,86619,169884,61817,35440,2,충청남도,81858,2023,82179,2,80331,81304,818,83543,1,83842,안서동,65512,29362,3,88,0,0,140860,62642,7,104740,240943,87580,12158,164637,180114,49517,75142,101168,15,118545,178408,239571,100436,244390,6,26515
1602,천안시,1538,0,2231,2191,1226,7126,0,2577,2549,2668,144,0,충청남도,2209,2023,1068,0,2951,1376,2,1414,0,283,업성동,1923,920,0,0,0,0,1383,647,0,1405,7112,1025,0,1468,4093,3855,2044,1095,0,1322,2778,4452,1633,3119,0,1305
53982,천안시,56131,279,47630,56128,65696,54538,1005,43549,58701,52676,9185,399,충청남도,25315,2023,21754,0,59203,18246,11,60826,121,10589,영성동,61943,28060,223,1,231,50,55577,17019,724,31050,63861,16676,1400,61707,52754,37746,61158,71793,201,64421,60528,57849,64706,61541,0,14819
4063,천안시,4124,69,4526,5174,5535,6145,128,4363,5394,2200,790,61,충청남도,2385,2023,1802,0,5389,1788,0,5102,22,1462,오룡동,3881,1022,55,1,17,26,4958,1098,115,2821,6445,1521,197,5463,5125,2745,4869,5488,29,4814,4960,5406,5488,5989,0,850
15009,천안시,14148,0,17860,20144,20160,21097,931,15268,16636,8176,7320,0,충청남도,10702,2023,20130,0,17734,7212,2,16196,0,3699,와촌동,14759,908,0,0,0,0,15574,16441,0,22548,24796,5683,578,19437,31327,17110,16876,18560,0,19118,17758,30961,16880,21802,0,6553
16573,천안시,17073,0,12478,12346,4030,5633,257,9586,15367,25205,3312,1,충청남도,7791,2023,6322,0,11390,6376,0,6111,0,5302,용곡동,22246,4170,0,0,0,0,14145,4523,1,7668,14898,5129,503,2637,13508,5187,8362,4001,0,6146,14828,15313,6607,15157,0,662
54593,천안시,68922,217,54507,51762,36653,82252,1160,53202,62390,71125,11084,261,충청남도,34696,2023,29711,5,71240,27313,300,40654,107,14340,원성동,87741,40164,151,216,98,50,54578,24309,537,37047,117195,24853,2132,42820,64988,52906,54154,40983,194,43698,63543,65928,42724,87313,1,13967
5236,천안시,3810,0,2351,3004,3595,4399,0,2239,2805,4442,0,0,충청남도,1904,2023,1385,0,3074,1463,0,2231,0,0,유량동,4350,2176,0,0,0,0,3339,1127,0,1282,5489,1126,0,4042,2051,2321,2256,2127,0,2193,3963,3952,2044,4578,0,1405
32732,천안시,30397,0,31652,23783,23254,29121,7,30012,30090,49631,2268,0,충청남도,22472,2023,13898,20,28394,15578,171,19695,0,4481,입장면,41029,17506,0,72,0,0,29633,8747,0,18771,32378,11692,1042,17170,33659,32649,25525,21266,0,21749,27695,33891,21075,26123,2,13348
56733,천안시,68422,0,71709,48838,34661,75044,2161,66486,54865,113440,11423,248,충청남도,48698,2023,31132,1134,61921,38668,11312,39430,0,19376,직산읍,89640,46548,0,5037,0,0,55388,22892,2026,36966,56481,30756,10166,39849,85418,68616,50504,34923,0,38590,51601,81001,40843,55289,27,28569
5080,천안시,5975,0,6687,6031,2625,7696,2,6181,5547,12898,449,0,충청남도,5381,2023,2699,0,9296,3842,3,4086,1,2229,차암동,5775,4822,0,0,0,0,5230,1342,0,6477,10664,3460,288,2540,10405,9580,5666,2810,0,3418,4940,10089,4200,6427,0,3200
46915,천안시,54335,0,55617,44556,23745,49896,1569,53161,48232,68503,17006,0,충청남도,37911,2023,27259,0,64083,29014,4,34428,0,18024,청당동,71821,17601,0,1,0,0,49429,26685,0,35180,68319,27523,2645,29486,65752,29101,44087,26427,0,34064,51030,59955,38713,55509,0,5224
14916,천안시,18463,0,14152,13645,7622,16990,175,13497,15940,18813,2142,0,충청남도,10313,2023,5563,0,16086,8101,3,9508,0,4591,청수동,20421,7128,0,0,0,0,13607,5749,0,8778,25754,7295,289,7256,12077,10283,11518,8512,0,9431,16172,16787,10339,16601,0,1346
9904,천안시,7928,0,8576,8399,5169,5888,0,5601,6152,13260,412,0,충청남도,3808,2023,1914,0,5574,3464,0,5452,0,1081,풍세면,13537,5650,0,0,0,0,8307,988,0,2414,5880,2210,0,4742,7025,5794,4090,4250,0,4303,6463,9301,6386,5852,0,3654
703,청양군,850,0,66,248,54,35,0,40,354,1276,0,0,충청남도,15,2023,7,0,66,6,0,189,0,0,남양면,1689,73,0,0,0,0,381,0,0,53,97,0,0,58,50,54,106,84,0,63,419,45,49,180,0,70
2197,청양군,2332,0,1077,2027,389,439,0,990,2399,3914,1,0,충청남도,829,2023,544,0,467,411,0,843,0,174,대치면,3272,231,0,0,0,0,1618,2352,0,2122,3194,513,0,296,3344,783,274,380,0,857,2494,3016,619,2248,0,11
287,청양군,101,0,0,0,47,0,0,0,0,581,0,0,충청남도,0,2023,0,0,34,0,0,0,0,0,목면,2,31,0,0,0,0,5,0,0,0,16,0,0,12,0,7,0,1,0,0,31,4,0,1,0,2
679,청양군,661,0,69,228,26,18,0,11,237,966,0,0,충청남도,89,2023,0,0,28,0,0,29,0,0,비봉면,632,0,0,0,0,0,129,0,0,19,16,0,0,20,14,22,15,5,0,64,334,195,18,150,0,0
893,청양군,2739,0,1438,1484,69,831,0,901,594,3209,0,0,충청남도,357,2023,213,0,1204,154,0,202,0,2,운곡면,2206,37,0,0,0,0,398,350,0,271,4046,88,0,157,1010,522,141,99,0,109,1033,1332,109,982,0,1
178,청양군,2265,0,35,143,5,12,0,6,118,701,0,0,충청남도,15,2023,1,0,31,4,0,27,0,0,장평면,515,0,0,0,0,0,667,0,0,11,236,0,0,38,48,10,50,65,0,32,563,19,30,318,0,0
4102,청양군,4004,0,132,1501,866,867,0,526,2123,2927,0,0,충청남도,318,2023,16,0,264,25,2,253,0,0,정산면,4376,416,0,0,0,0,1824,0,0,862,2905,0,0,791,1831,866,325,128,0,318,3556,2368,469,2781,0,38
894,청양군,152,0,127,76,41,8,0,36,32,614,0,0,충청남도,0,2023,0,0,6,0,0,48,0,0,청남면,80,2,0,0,0,0,147,0,0,12,14,0,0,115,77,33,18,5,0,26,500,108,45,126,0,0
17369,청양군,16384,0,1121,14614,1786,3609,0,877,20271,12491,0,0,충청남도,569,2023,70,0,1011,177,12,1599,0,0,청양읍,12985,2482,0,0,0,0,18312,0,0,5553,12983,0,0,2423,7963,2400,1220,1460,0,1420,15635,13787,1255,14511,0,106
784,청양군,2911,0,216,575,35,79,0,53,1119,1562,0,0,충청남도,134,2023,61,0,156,9,0,97,0,0,화성면,1806,378,0,0,0,0,517,0,0,45,353,7,0,103,70,14,80,59,0,103,630,673,130,34,0,2
142,태안군,237,0,0,142,0,0,0,0,238,281,0,0,충청남도,0,2023,0,0,0,0,0,0,0,0,고남면,399,15,0,0,0,0,155,0,0,71,126,0,0,0,107,0,0,0,0,0,115,211,0,51,0,0
1072,태안군,1266,0,0,620,0,0,0,0,754,591,0,0,충청남도,0,2023,47,0,0,0,0,0,0,0,근흥면,845,51,0,0,0,0,717,1,0,75,486,0,0,0,236,0,0,0,0,0,815,448,0,418,0,0
407,태안군,318,0,0,405,0,0,0,0,225,460,0,0,충청남도,0,2023,32,0,0,0,0,0,0,0,남면,569,11,0,0,0,0,466,0,0,70,197,0,0,0,63,0,0,0,0,0,341,316,0,255,0,0
11181,태안군,7755,0,0,5622,0,0,0,0,15384,9526,0,0,충청남도,0,2023,2676,0,0,0,0,0,0,0,소원면,21188,672,0,0,0,0,5492,0,0,1896,13279,0,0,0,5218,0,0,0,0,0,8854,6954,0,12345,0,0
878,태안군,795,0,0,719,0,0,0,0,932,1083,0,0,충청남도,0,2023,0,0,0,0,0,0,0,0,안면읍,1226,32,0,0,0,0,732,0,0,238,700,0,0,0,551,0,0,0,0,0,1162,536,0,558,0,0
4362,태안군,5382,0,0,4951,0,0,0,0,4644,2775,0,0,충청남도,0,2023,801,0,0,0,0,0,0,0,원북면,5832,93,0,0,0,0,5223,0,0,1968,6374,0,0,0,3265,0,0,0,0,0,4946,4666,0,5102,0,0
217,태안군,1103,0,0,530,0,0,0,0,178,1403,0,0,충청남도,0,2023,178,0,0,0,0,0,0,0,이원면,1433,41,0,0,0,0,818,0,0,238,764,0,0,0,194,0,0,0,0,0,1265,512,0,547,0,0
6315,태안군,5774,0,5,4709,0,4,0,2,5547,3313,0,0,충청남도,0,2023,749,0,7,0,0,0,0,0,태안읍,8879,124,0,0,0,0,5332,0,0,1206,3849,0,0,0,2234,2,0,9,0,0,4492,5050,14,4690,0,0
7897,홍성군,10396,0,740,2812,810,1757,0,630,5223,7598,0,0,충청남도,238,2023,410,0,1468,399,0,385,0,0,갈산면,7874,266,0,0,0,0,3060,209,0,370,7761,264,0,803,1527,774,876,372,0,787,5827,3617,957,4412,0,9
1840,홍성군,4426,0,295,1034,389,1177,0,681,4474,3871,2,0,충청남도,478,2023,69,0,907,333,0,271,0,0,결성면,5879,935,0,0,0,0,1389,64,0,120,3141,13,0,255,1879,215,800,325,0,611,2007,522,309,4314,0,39
15267,홍성군,19919,0,3791,10632,3217,4757,0,3364,10443,11094,0,0,충청남도,2212,2023,3532,0,3970,1980,0,2813,0,2,광천읍,10194,954,0,0,0,0,11623,954,0,4149,12497,1190,0,2856,9309,3451,2680,2481,0,2262,13068,9487,3115,10701,0,71
6188,홍성군,8385,0,1682,2420,1173,774,0,1300,3483,8660,0,0,충청남도,729,2023,585,0,1488,692,0,930,0,0,구항면,10719,1168,0,0,0,0,3555,144,0,523,1743,353,0,779,1651,387,1810,1051,0,1041,3600,1840,1213,2181,0,5
2723,홍성군,6455,0,488,919,381,299,0,75,75,2203,0,0,충청남도,350,2023,4,0,269,0,0,524,0,0,금마면,6407,1147,0,0,0,0,3226,0,0,71,552,0,0,241,530,28,153,176,0,360,2933,709,271,706,0,27
9451,홍성군,4652,0,584,3207,775,760,0,497,2761,8408,0,0,충청남도,464,2023,314,0,876,208,0,448,0,1,서부면,15007,4189,0,0,0,0,5737,70,0,1669,4079,328,0,717,1254,275,868,636,0,495,5884,2504,1011,2163,0,32
3051,홍성군,3406,0,720,956,266,249,0,519,2601,4576,0,0,충청남도,298,2023,14,0,410,222,0,533,0,0,은하면,6752,1499,0,0,0,0,2629,1,0,113,804,1,0,242,1093,143,713,473,0,465,1383,984,161,1272,0,56
3026,홍성군,5905,0,399,924,400,261,0,346,1628,5282,0,0,충청남도,445,2023,39,0,382,154,0,494,0,0,장곡면,5021,412,0,0,0,0,1756,0,0,249,1014,0,0,194,571,72,363,290,0,426,1357,759,205,1217,0,45
2370,홍성군,4132,0,478,2327,228,395,0,378,1652,2964,0,0,충청남도,580,2023,59,0,500,338,0,375,0,0,홍동면,5405,60,0,0,0,0,2297,0,0,379,4223,0,0,211,613,101,369,348,0,289,1557,1631,293,2412,0,8
12730,홍성군,13319,0,7515,8409,2836,6370,0,5453,9754,22628,4190,0,충청남도,3714,2023,5152,0,6207,2774,0,3510,0,625,홍북읍,26753,2783,0,0,0,0,7330,3021,0,5477,11077,1067,0,3110,7744,5136,4539,2878,0,3926,9404,13174,3188,9125,0,248
71944,홍성군,57564,0,23515,59248,18217,29345,0,18973,67268,63221,17,0,충청남도,11378,2023,23875,0,24450,8896,0,16639,0,2043,홍성읍,56691,5488,0,0,0,0,63745,7598,0,27579,80615,5165,8,18776,50810,20789,17806,15722,0,15379,65043,57940,18429,65133,0,226
21041,계룡시,21266,0,32533,31190,18342,48832,1967,30144,33541,21128,10508,0,충청남도,23568,2024,16236,0,34933,18692,1420,23904,0,14642,금암동,31012,8706,0,524,0,0,21195,16010,0,17122,46865,15051,5204,18837,27293,14221,29262,19261,0,23496,25889,31246,19864,36993,0,3614
25291,계룡시,28085,0,30619,24256,12019,28501,787,34865,24664,33856,7853,0,충청남도,27163,2024,9963,0,38590,22590,1608,19508,0,22911,두마면,45288,11401,0,438,0,0,23058,9818,0,14661,30728,22573,7976,12098,25263,13481,28826,13846,0,20521,26754,25959,20238,27982,0,5476
7906,계룡시,7325,0,10553,9491,4614,19461,480,9307,11640,10388,2261,0,충청남도,10280,2024,3779,0,8351,7411,141,6705,0,6600,신도안면,8973,1879,0,0,0,0,11341,4630,8,6009,30149,7430,2965,6524,10979,15165,7880,4933,0,6061,9866,16355,7584,20483,0,2190
28950,계룡시,28298,0,51821,28129,22862,28857,2987,40292,28419,43815,15187,0,충청남도,33525,2024,23365,0,53951,25170,2321,33849,0,19595,엄사면,52059,18624,0,8,0,0,31104,20300,5,24272,34306,20796,8971,20884,28669,11945,45690,26203,0,31076,32532,36843,32784,35266,0,3660
2,공주시,0,0,0,0,0,0,0,0,0,0,0,0,충청남도,0,2024,0,0,0,0,0,0,0,0,검상동,0,0,0,0,0,0,0,0,0,0,0,0,0,0,0,0,0,0,0,0,0,0,0,0,0,0
826,공주시,2287,0,209,1349,119,313,0,377,1495,3964,0,0,충청남도,156,2024,3,0,116,51,0,351,0,0,계룡면,2549,0,0,0,0,0,2762,114,0,577,988,28,0,231,317,341,127,351,0,328,979,723,160,1222,0,1
19,공주시,1,0,391,5,30,2465,0,0,32,0,0,0,충청남도,19,2024,15,0,98,5,0,50,0,0,교동,226,0,0,0,0,0,0,0,0,0,29,0,0,118,0,0,735,0,0,51,125,933,51,1940,0,0
8,공주시,0,0,186,4,343,7,0,47,7,0,1,0,충청남도,104,2024,0,0,1,64,0,144,0,3,금성동,0,0,0,0,0,0,33,0,0,10,0,73,0,0,1,22,138,261,0,3,11,15,181,8,0,0
96,공주시,175,0,23,62,22,4,0,22,52,99,0,0,충청남도,20,2024,5,0,21,9,0,12,0,4,금학동,92,0,0,0,0,0,32,2,0,3,13,15,0,18,6,2,20,4,0,19,59,9,13,24,0,0
1350,공주시,2288,0,1620,1689,588,1852,13,1873,1403,8377,725,0,충청남도,722,2024,547,0,1426,792,0,764,2,376,금흥동,3771,397,2,0,0,0,1451,684,0,974,1526,936,69,379,1853,2468,908,575,0,417,1315,1236,669,1577,0,353
22,공주시,35,0,23,42,18,195,0,105,39,247,2,0,충청남도,33,2024,2,0,51,10,0,30,0,19,동현동,54,1,0,0,0,0,40,1,0,3,34,41,0,17,44,8,56,39,0,27,53,24,37,25,0,0
148,공주시,198,0,44,21,61,26,0,32,68,29,0,0,충청남도,10,2024,0,0,124,39,0,85,0,0,반죽동,13,0,0,0,0,0,18,0,0,11,464,11,0,147,96,13,507,72,0,75,47,48,12,909,0,0
8264,공주시,6247,0,7490,14845,14760,19053,41,6097,10054,4175,1963,0,충청남도,4395,2024,10057,0,9163,3436,606,11501,0,1801,반포면,5055,2238,0,41,0,0,12340,5180,0,9413,17823,2919,255,17603,11289,8085,11000,15668,0,13341,13737,13472,11779,18749,0,4875
0,공주시,148,0,0,6,0,3,0,0,95,62,0,0,충청남도,0,2024,0,0,10,2,0,6,0,0,봉정동,1,0,0,0,0,0,88,0,0,0,5,0,0,3,0,0,3,5,0,30,12,0,2,23,0,0
774,공주시,864,0,222,240,19,77,0,131,272,933,0,0,충청남도,60,2024,18,0,94,121,0,189,0,2,사곡면,571,6,0,0,0,0,545,8,0,4,245,75,0,46,226,53,57,28,0,14,455,233,32,511,0,64
1539,공주시,67,0,722,2576,1430,1158,0,395,55,1183,455,0,충청남도,369,2024,196,0,44,298,0,736,0,28,산성동,1053,3,0,0,0,0,2096,512,0,1055,1357,413,0,22,64,1608,716,1140,0,17,2499,3478,824,2319,0,0
0,공주시,0,0,35,14,0,9,0,37,90,704,0,0,충청남도,0,2024,0,0,0,0,0,35,0,0,상왕동,752,0,0,0,0,0,0,0,0,0,0,0,0,0,84,139,1,0,0,60,286,0,2,24,0,0
0,공주시,239,0,0,0,0,0,0,0,0,23,0,0,충청남도,0,2024,0,0,0,0,0,0,0,0,석장리동,0,0,0,0,0,0,0,0,0,0,0,0,0,107,0,0,0,0,0,0,22,0,6,0,0,0
104,공주시,235,0,156,327,153,216,0,210,183,36,71,0,충청남도,27,2024,45,0,159,144,0,143,0,11,송선동,356,0,0,0,0,0,244,85,0,141,283,147,0,352,289,83,157,110,0,80,125,203,115,439,0,0
4925,공주시,7501,0,8607,9899,5115,5129,203,7505,6739,10748,8627,0,충청남도,3925,2024,4265,0,6581,3093,0,5623,0,1873,신관동,9392,1666,0,0,0,0,7598,6957,0,7648,10760,3194,199,4537,10653,6097,5036,4323,0,4419,4908,9266,6057,7296,0,652
29,공주시,401,0,68,51,18,9,0,2,41,43,0,0,충청남도,8,2024,0,0,45,0,0,13,0,0,신풍면,423,60,0,0,0,0,112,0,0,4,86,0,0,4,4,0,18,13,0,4,13,30,13,25,0,2
9,공주시,97,0,33,24,17,12,0,26,73,57,0,0,충청남도,25,2024,0,0,43,4,0,48,0,0,쌍신동,0,0,0,0,0,0,9,0,0,12,3,3,0,19,30,10,21,24,0,46,0,1,27,4,0,0
292,공주시,278,0,631,442,313,359,0,353,30,1166,172,0,충청남도,243,2024,11,0,57,334,0,427,0,27,옥룡동,1364,0,0,0,0,0,370,355,0,275,592,478,0,9,31,540,616,254,0,7,428,582,257,76,0,0
26,공주시,140,0,4,149,19,105,0,30,376,1067,0,0,충청남도,44,2024,3,0,61,40,0,74,0,0,우성면,1141,6,0,0,0,0,130,0,0,5,88,0,0,5,13,151,167,159,0,71,42,5,14,134,0,0
2,공주시,3,0,13,34,52,57,0,0,5,0,0,0,충청남도,0,2024,3,0,23,0,0,29,0,0,웅진동,1,0,0,0,0,0,0,0,0,4,34,0,0,82,0,0,36,0,0,8,15,25,15,7,0,0
5088,공주시,6658,0,3146,3371,1305,1075,113,2436,3092,12631,476,0,충청남도,1793,2024,1156,0,2814,1381,0,2003,0,752,월송동,7258,1891,0,0,0,0,3332,742,0,1629,1692,1146,324,1241,2309,4425,2458,1378,0,1149,4346,2959,1821,2272,0,230
2987,공주시,4250,0,6,5,926,1,0,2654,2950,1876,0,0,충청남도,247,2024,1,0,774,0,0,1,0,0,유구읍,89,333,0,0,0,0,5,2,0,580,1208,0,0,3826,1071,290,2996,2,0,2964,1851,212,499,3015,0,27
408,공주시,409,0,2,0,85,0,0,1,61,243,0,0,충청남도,5,2024,0,0,15,0,0,0,0,0,의당면,1,0,0,0,0,0,2,0,0,1,24,0,0,9,0,38,11,0,0,8,52,30,37,27,0,0
379,공주시,719,0,32,23,52,40,0,10,84,524,0,0,충청남도,22,2024,24,0,42,13,0,25,0,0,이인면,1174,415,0,0,0,0,230,5,0,33,51,0,0,50,16,164,49,7,0,44,282,24,35,69,0,16
722,공주시,431,0,220,156,218,756,0,96,569,790,0,0,충청남도,161,2024,158,0,252,158,0,44,0,0,정안면,1036,473,0,0,0,0,1056,174,0,262,505,5,0,203,437,129,376,690,0,295,567,682,168,544,0,65
141,공주시,350,0,27,50,16,138,0,29,62,184,0,0,충청남도,16,2024,3,0,60,14,0,44,0,0,주미동,434,1,0,0,0,0,166,0,0,11,44,3,0,55,12,22,58,4,0,54,117,32,54,34,0,2
227,공주시,324,0,610,622,347,1574,110,518,428,163,156,0,충청남도,407,2024,413,0,676,260,0,458,0,102,중동,542,25,0,0,0,0,247,575,0,540,1484,318,51,512,753,1531,696,357,0,366,369,1030,485,1180,0,12
115,공주시,140,0,636,578,340,386,16,802,291,262,36,0,충청남도,569,2024,106,0,510,545,0,541,0,428,중학동,1003,70,0,0,0,0,269,43,0,136,188,653,161,400,222,124,694,421,0,494,217,243,576,187,0,7
0,공주시,13,0,17,0,0,214,0,25,7,15,0,0,충청남도,1,2024,3,0,0,0,0,0,0,0,탄천면,222,28,0,0,0,0,0,0,0,0,1,0,0,0,2,0,3,0,0,1,11,188,4,35,0,15
10,공주시,4,0,20,61,25,14,0,12,3,7,0,0,충청남도,4,2024,0,0,9,7,0,8,0,0,태봉동,3,0,0,0,0,0,2,0,0,2,19,0,0,8,4,10,15,0,0,71,25,1,75,12,0,4
575,금산군,757,0,14,237,17,12,0,40,138,1405,0,0,충청남도,70,2024,10,0,74,0,0,3,0,0,군북면,1037,222,0,0,0,0,370,0,0,40,166,0,0,4,142,10,1,6,0,13,640,114,32,54,0,1
4008,금산군,2977,0,256,2968,278,229,0,285,3292,4422,0,0,충청남도,216,2024,60,0,621,61,45,215,0,0,금산읍,3278,935,0,0,0,0,3917,0,0,617,1807,0,0,322,2197,232,158,269,0,206,3003,1873,143,2576,0,46
1975,금산군,1568,0,73,782,31,38,0,102,1058,660,0,0,충청남도,53,2024,47,0,72,6,2,50,0,0,금성면,2414,810,0,0,0,0,977,0,0,285,586,0,0,44,847,9,44,29,0,40,1670,1514,60,1022,0,31
1918,금산군,2199,0,2932,1593,406,1365,0,583,1283,3865,0,0,충청남도,97,2024,176,0,4647,70,0,596,0,45,남이면,883,298,0,0,0,0,1231,1042,0,272,8202,217,0,169,242,832,2124,346,0,530,1088,2031,196,4135,0,1
1534,금산군,3736,0,649,994,128,271,0,211,2407,5082,0,0,충청남도,270,2024,53,0,358,16,0,127,0,47,남일면,2090,550,0,0,0,0,450,0,0,187,861,0,0,129,404,892,48,100,0,185,1269,1220,50,712,0,0
5175,금산군,7465,0,5209,3294,4262,7950,0,3397,5065,4194,433,0,충청남도,4458,2024,1099,0,5617,2003,1,3626,0,1337,복수면,8835,3238,0,0,0,0,4803,943,0,1464,3955,2632,0,4767,3536,3661,3845,6155,0,4593,4347,6442,3929,3914,0,2224
43,금산군,1757,0,58,455,30,23,0,49,208,327,0,0,충청남도,25,2024,2,0,30,1,0,34,0,0,부리면,1504,402,0,0,0,0,865,0,0,8,350,0,0,45,100,4,34,32,0,14,681,94,18,265,0,6
1603,금산군,1972,0,50,628,76,9,0,44,1033,637,0,0,충청남도,30,2024,5,0,48,0,0,40,0,0,제원면,879,516,0,0,0,0,143,0,0,162,977,0,0,61,251,8,28,4,0,39,665,217,57,428,0,5
4585,금산군,3917,0,2506,3537,2186,3425,0,1128,3497,3689,32,0,충청남도,866,2024,345,0,1604,873,34,1652,0,641,진산면,3774,874,0,0,0,0,2907,225,0,2800,7687,434,0,4319,3221,1742,1504,2105,0,2666,4308,4801,2071,5807,0,846
22865,금산군,18001,0,18268,23505,12845,12214,54,16773,23861,15256,2614,0,충청남도,15370,2024,7468,0,17787,14567,2554,14159,0,14393,추부면,18647,5457,0,4,0,0,20520,5025,0,11684,28123,12577,6238,15571,18661,11545,14990,12476,0,14612,24241,27089,14423,23658,0,3070
0,논산시,0,0,0,0,0,0,0,0,4,0,0,0,충청남도,0,2024,0,0,0,0,0,0,0,0,가야곡면,0,0,0,0,0,0,4,0,0,0,0,0,0,0,0,0,0,18,0,2,0,0,0,0,0,0
3463,논산시,2135,0,1178,2081,3318,2816,0,1089,3135,1757,23,0,충청남도,741,2024,545,0,2219,262,0,2391,0,35,강경읍,1361,247,0,0,0,0,3028,938,0,835,5420,345,0,3499,2386,1889,1486,3975,0,1569,3081,1694,3424,3085,0,17
524,논산시,833,0,395,193,129,67,0,132,252,0,28,0,충청남도,1,2024,0,0,906,1,0,167,0,11,내동,294,0,0,0,0,0,396,0,0,1,292,0,0,135,39,1,622,125,0,150,154,163,215,188,0,1
3108,논산시,2423,0,2477,2928,2899,838,0,2050,2437,2913,258,0,충청남도,1642,2024,640,0,2244,1058,0,1753,0,538,벌곡면,4718,945,0,0,0,0,2416,61,0,1293,2350,660,2,2436,2300,1999,1824,3079,0,2706,3098,1595,2088,2744,0,988
473,논산시,10,0,0,0,2,1,0,2,0,9,0,0,충청남도,0,2024,5,0,4,0,0,0,0,0,상월면,665,5,0,0,0,0,0,0,0,0,33,0,0,0,62,4,0,0,0,0,246,0,9,0,0,1
0,논산시,0,0,0,0,0,1,0,0,0,131,0,0,충청남도,0,2024,0,0,0,0,0,0,0,0,양촌면,32,0,0,0,0,0,0,0,0,0,0,0,0,0,0,232,0,0,0,0,0,0,0,0,0,0
2,논산시,0,0,0,20,0,0,0,12,0,0,0,0,충청남도,0,2024,0,0,19,0,0,7,0,0,연무읍,0,0,0,0,0,0,4,0,0,0,27,0,0,0,16,0,0,0,0,0,3,0,0,0,0,0
750,논산시,1592,0,197,415,365,318,0,118,622,878,5,0,충청남도,66,2024,51,0,235,42,0,115,0,37,연산면,588,0,0,0,0,0,468,86,0,285,480,8,0,510,375,332,132,210,0,157,633,531,222,410,0,0
0,논산시,0,0,0,0,0,0,0,0,0,0,0,0,충청남도,0,2024,0,0,1,0,0,0,0,0,채운면,0,0,0,0,0,0,0,0,0,0,0,0,0,0,0,0,0,0,0,0,0,1,0,0,0,0
109,당진시,69,0,128,18,218,170,0,170,9,77,0,0,충청남도,106,2024,3,0,301,78,0,113,0,0,고대면,35,4,0,0,0,0,78,1,0,1,82,29,0,165,40,86,175,138,0,123,74,3,145,5,0,73
125,당진시,155,0,40,92,24,324,0,43,37,4321,0,0,충청남도,46,2024,6,0,67,19,0,45,0,0,대덕동,1472,2,0,0,0,0,95,0,1,44,72,4,0,13,22,730,33,20,0,23,98,66,8,71,0,0
397,당진시,347,0,50,96,253,35,0,92,41,220,0,0,충청남도,32,2024,9,0,166,17,0,105,0,0,대호지면,96,165,0,0,0,0,153,1,0,15,113,1,0,92,80,158,70,102,0,67,87,94,81,92,0,4
110,당진시,146,0,7,67,8,6,0,6,73,97,4,0,충청남도,0,2024,16,0,5,1,0,14,0,2,면천면,205,84,0,0,0,0,95,9,0,21,101,2,0,7,39,13,20,15,0,25,181,54,116,97,0,1
1035,당진시,1663,0,200,990,444,925,0,165,981,492,2,0,충청남도,137,2024,77,0,268,118,0,374,0,2,석문면,812,18,0,0,0,0,600,0,0,352,106,34,0,246,469,51,185,403,0,392,225,808,201,154,0,10
550,당진시,219,0,890,495,245,469,6,805,169,764,8,0,충청남도,525,2024,28,0,1495,524,0,683,0,7,송산면,467,5,0,0,0,0,82,16,0,68,337,11,2,163,156,247,993,331,0,532,128,135,481,114,0,11
495,당진시,520,0,295,216,133,188,2,172,267,157,0,0,충청남도,158,2024,151,0,351,97,0,320,0,110,송악읍,413,45,0,0,0,0,189,21,0,140,282,68,1,199,252,126,213,207,0,221,267,389,259,185,0,193
75,당진시,116,0,147,77,57,59,0,116,66,959,0,0,충청남도,60,2024,40,0,150,39,0,107,0,0,수청동,168,1,0,0,0,0,41,34,0,53,226,24,0,32,60,371,143,57,0,52,202,128,84,196,0,6
921,당진시,458,0,262,288,261,168,0,297,683,499,0,0,충청남도,89,2024,36,0,525,49,0,149,0,0,순성면,698,63,0,0,0,0,317,1,0,43,1202,51,0,108,117,314,474,162,0,204,794,463,285,581,0,7
18,당진시,14,0,2,4,0,1,0,3,0,0,0,0,충청남도,1,2024,1,0,1,2,0,0,0,0,시곡동,7,0,0,0,0,0,23,0,0,1,3,0,0,0,1,0,2,1,0,0,7,2,4,7,0,0
2754,당진시,3603,0,3931,3994,1616,2918,9,1806,2157,4382,349,0,충청남도,1818,2024,921,0,4288,605,0,2420,0,255,신평면,3487,1405,0,0,0,0,2298,467,0,2630,7886,374,5,1578,2978,4750,2905,1886,0,1506,3315,6776,2446,4668,0,433
0,당진시,0,0,0,0,0,0,0,0,0,0,0,0,충청남도,0,2024,0,0,0,0,0,1,0,0,용연동,0,0,0,0,0,0,0,0,0,0,0,0,0,0,0,0,0,0,0,0,0,0,0,0,0,0
734,당진시,391,0,254,311,256,218,0,233,698,657,1,0,충청남도,184,2024,64,0,403,69,0,243,0,5,우강면,751,10,0,0,0,0,440,39,0,93,310,46,0,320,174,301,264,185,0,408,461,186,294,358,0,17
0,당진시,0,0,0,0,0,0,0,0,0,0,0,0,충청남도,0,2024,0,0,0,0,0,0,0,0,우두동,0,0,0,0,0,0,0,0,0,0,0,0,0,0,0,0,0,0,0,0,0,0,0,2,0,0
2461,당진시,2409,0,2224,2667,899,1076,11,1652,2988,2828,322,0,충청남도,486,2024,1123,0,2864,355,0,1813,0,59,원당동,3961,69,0,0,0,0,2279,690,0,1396,2532,207,7,907,2205,492,2236,1396,0,737,2082,2356,1612,2425,0,8
1430,당진시,2208,0,786,1382,360,1073,0,775,478,619,0,0,충청남도,401,2024,215,0,721,184,0,406,0,0,읍내동,3998,0,0,0,0,0,1244,70,0,684,2189,45,0,587,1359,212,476,373,0,201,1747,1263,482,1472,0,0
142,당진시,231,0,72,48,82,88,0,34,44,108,0,0,충청남도,26,2024,3,0,98,9,0,34,0,0,정미면,210,0,0,0,0,0,208,7,0,3,14,22,0,52,20,23,52,115,0,69,266,70,89,78,0,0
0,당진시,9,0,0,0,0,0,0,0,0,0,0,0,충청남도,0,2024,0,0,0,0,0,0,0,0,채운동,0,0,0,0,0,0,0,0,0,0,0,0,0,1,0,0,0,0,0,1,0,0,0,2,0,0
341,당진시,4103,0,180,501,149,528,9,170,680,956,0,0,충청남도,19,2024,57,0,479,122,0,278,0,0,합덕읍,1344,6,0,0,0,0,172,10,0,37,478,22,0,709,128,218,332,79,0,361,765,460,272,293,0,9
0,당진시,0,0,79,0,40,26,0,57,1,1,0,0,충청남도,26,2024,0,0,49,13,0,34,0,7,행정동,0,0,0,0,0,0,0,0,0,1,3,7,0,7,0,19,70,60,0,50,0,5,30,1,0,7
1836,보령시,1643,0,909,1403,685,751,0,674,1316,774,67,0,충청남도,539,2024,267,0,953,267,0,671,0,116,궁촌동,1308,271,0,0,0,0,1866,256,0,578,1103,180,1,885,802,397,833,909,0,732,1342,1188,785,1299,0,49
1218,보령시,1598,0,401,674,270,169,0,273,949,1282,12,0,충청남도,281,2024,49,0,393,132,0,405,0,21,남곡동,2065,102,0,0,0,0,867,46,0,102,391,105,0,225,151,68,484,393,0,447,832,270,493,371,0,28
7118,보령시,13014,0,1001,3417,889,849,0,949,4955,7153,0,0,충청남도,387,2024,387,0,1166,178,0,852,0,1,남포면,6152,424,0,0,0,0,5354,90,0,882,2467,179,0,1085,2463,1154,800,755,0,1333,5256,3478,1676,2218,0,94
14410,보령시,8478,0,6217,9591,4935,5205,0,6363,13500,2494,251,0,충청남도,3441,2024,3444,0,6886,2700,0,6927,0,160,내항동,7876,466,0,0,0,0,8570,2895,0,6168,14002,570,0,4756,7970,3065,7477,7091,0,7775,17506,10632,7790,17380,0,238
45525,보령시,41671,0,15302,36531,13858,15410,1,10833,49500,37214,410,0,충청남도,5878,2024,10439,0,20912,4859,0,12216,0,316,대천동,38304,3704,0,0,0,0,54607,11850,0,15967,65707,4915,13,13588,32751,13066,15161,12556,0,12500,53277,47635,13956,59622,0,289
8580,보령시,10927,0,9751,5816,4783,7349,0,6659,7072,12019,15,0,충청남도,3272,2024,728,0,12164,2250,0,4720,0,616,동대동,15156,294,0,0,0,0,7906,1104,0,1458,12803,1899,14,4913,3346,5987,6965,4659,0,5309,8181,4269,5708,5216,0,19
37294,보령시,50013,0,11068,27145,8306,15462,0,7384,32314,60129,1806,0,충청남도,3464,2024,8201,0,13551,2870,0,7962,0,416,명천동,60661,7320,0,0,0,0,36252,8358,0,9773,38142,2838,0,8339,19748,14500,10361,7308,0,8249,34629,25895,8547,29108,0,809
1800,보령시,3103,0,166,1383,350,364,0,237,2798,2186,0,0,충청남도,77,2024,3,0,247,53,0,494,0,0,미산면,3640,850,0,0,0,0,1404,0,0,19,495,19,0,414,1020,278,105,405,0,193,3376,751,649,478,0,12
2390,보령시,4330,0,529,1282,483,367,0,401,1811,4289,0,0,충청남도,245,2024,92,0,793,217,0,523,0,0,성주면,4207,41,0,0,0,0,2002,3,0,149,1080,68,0,388,358,540,451,565,0,586,1893,877,470,1199,0,0
16337,보령시,15451,0,8259,19737,10189,8724,0,6937,18161,15698,8247,0,충청남도,5228,2024,9173,0,13310,3407,0,9441,0,1006,신흑동,15634,3605,0,0,0,0,20615,7297,0,11657,32088,2626,0,6477,19324,4891,12838,7963,0,11323,18226,21169,13055,25859,0,1771
2879,보령시,2495,0,380,1531,405,418,0,187,1560,3138,0,0,충청남도,399,2024,201,0,881,70,1,532,0,3,오천면,5738,868,0,0,0,0,1355,17,0,668,1367,43,0,373,647,529,252,356,0,380,777,931,287,719,0,37
1995,보령시,2345,0,780,1681,449,525,0,807,1367,2102,312,0,충청남도,629,2024,681,0,859,513,0,499,0,181,요암동,2654,196,0,0,0,0,1389,1017,0,1143,1237,514,0,563,2167,229,730,503,0,623,1475,1243,612,1449,0,67
31841,보령시,34591,0,9924,26360,7349,11234,0,8838,27592,35592,448,0,충청남도,4717,2024,8561,0,13693,4031,33,8439,0,374,웅천읍,44275,4824,0,0,0,0,27234,6019,0,9988,36412,2841,0,7450,18243,10012,10105,6538,0,7335,29275,24835,8622,27024,0,886
4400,보령시,7607,0,770,2606,576,698,0,701,3009,8864,2,0,충청남도,305,2024,289,0,923,238,0,480,0,0,주교면,5232,109,0,0,0,0,4172,95,0,458,1991,171,0,547,1378,1155,698,488,0,560,2914,1737,615,2409,0,34
2804,보령시,3962,0,406,2335,388,1516,0,279,2057,2174,1,0,충청남도,105,2024,18,0,1102,93,0,438,0,8,주산면,4869,273,0,0,0,0,1965,38,0,343,4265,28,0,322,538,100,977,407,0,348,1888,1700,499,2905,0,0
3106,보령시,5799,0,626,3910,334,945,0,417,2664,4040,0,0,충청남도,281,2024,179,0,753,289,0,519,0,3,주포면,5519,351,0,0,0,0,1143,160,0,430,3721,247,0,466,1294,372,709,291,0,547,3286,2805,435,3905,0,67
4534,보령시,6873,0,1612,2858,736,2003,0,1148,3011,6948,0,0,충청남도,486,2024,388,0,1861,300,0,818,0,0,죽정동,9902,102,0,0,0,0,3133,74,0,721,3470,104,0,729,1609,1294,1149,716,0,714,3777,2124,744,2126,0,13
5285,보령시,4569,0,745,2303,561,472,0,721,2889,5226,0,0,충청남도,492,2024,622,0,1000,406,0,600,0,0,천북면,6384,26,0,0,0,0,5216,0,0,1159,2287,7,0,603,1943,392,434,828,0,594,2421,1755,609,1992,0,37
3560,보령시,4288,0,225,1115,220,256,0,282,1419,4119,0,0,충청남도,141,2024,58,0,300,125,0,346,0,0,청라면,6574,1332,0,0,0,0,2177,10,0,164,1299,58,0,305,595,111,267,238,0,372,2603,1116,344,823,0,60
2621,보령시,4675,0,327,1047,381,245,0,360,1286,4797,0,0,충청남도,164,2024,63,0,231,165,0,179,0,2,청소면,2215,87,0,0,0,0,948,0,0,148,638,27,0,215,409,215,306,191,0,653,1759,386,333,900,0,65
433,보령시,62,0,23,142,22,31,0,24,75,641,0,0,충청남도,5,2024,11,0,16,8,0,26,0,0,화산동,256,4,0,0,0,0,12,1,0,12,47,4,0,6,92,92,5,3,0,15,23,23,4,10,0,7
118,부여군,126,0,7,100,10,3,0,12,0,152,0,0,충청남도,9,2024,0,0,9,0,0,6,0,0,규암면,41,0,0,0,0,0,3,0,0,20,44,0,0,33,247,10,2,0,0,0,255,84,22,1,0,0
0,부여군,0,0,0,0,0,0,0,0,0,0,0,0,충청남도,0,2024,0,0,0,0,0,0,0,0,남면,0,0,0,0,0,0,0,0,0,0,0,0,0,0,0,0,0,0,0,0,1,0,0,0,0,0
993,부여군,626,0,75,963,109,134,0,231,17,10,0,0,충청남도,75,2024,42,0,0,75,1,173,0,0,부여읍,938,3,0,0,0,0,1023,0,0,297,3,0,0,71,351,5,31,132,0,1,461,350,70,87,0,0
0,부여군,15,0,0,0,0,0,0,0,0,0,0,0,충청남도,0,2024,0,0,0,0,0,0,0,0,양화면,0,0,0,0,0,0,0,0,0,0,0,0,0,0,0,0,0,0,0,0,0,0,0,0,0,0
0,부여군,1,0,0,0,0,0,0,0,0,0,0,0,충청남도,0,2024,0,0,0,0,0,0,0,0,옥산면,1,0,0,0,0,0,2,0,0,0,0,0,0,0,0,0,0,0,0,0,0,0,0,0,0,0
21,부여군,14,0,2,14,2,1,0,5,5,9,0,0,충청남도,0,2024,1,0,1,1,0,7,0,0,외산면,4,0,0,0,0,0,10,0,0,0,4,0,0,1,1,0,1,3,0,0,9,0,2,1,0,0
23,부여군,28,0,1,21,27,12,0,6,4,3,0,0,충청남도,2,2024,0,0,15,1,0,9,0,0,은산면,43,0,0,0,0,0,639,0,0,0,251,0,0,6,22,7,47,91,0,0,33,2,8,83,0,0
4,부여군,1,0,0,0,0,0,0,0,4,1,0,0,충청남도,0,2024,0,0,0,0,0,0,0,0,홍산면,0,0,0,0,0,0,0,0,0,0,0,0,0,0,0,0,1,0,0,0,0,0,1,1,0,0
41,서산시,0,0,0,0,1,0,0,0,0,0,0,0,충청남도,0,2024,0,0,0,0,0,0,0,0,갈산동,0,0,0,0,0,0,0,0,0,0,6,0,0,0,0,0,0,0,0,0,0,0,0,0,0,0
39,서산시,93,0,7,12,7,1,0,3,5,23,0,0,충청남도,3,2024,2,0,10,0,0,20,0,0,고북면,59,0,0,0,0,0,162,0,0,9,3,0,0,38,4,8,6,11,0,4,55,7,8,36,0,0
61,서산시,789,0,79,99,25,75,0,9,262,507,0,0,충청남도,5,2024,328,0,37,13,0,59,0,0,대산읍,441,3,0,0,0,0,44,71,0,19,192,1,0,47,236,18,48,67,0,43,387,586,38,293,0,0
183,서산시,82,0,70,342,687,570,0,38,355,13,0,0,충청남도,23,2024,142,0,1134,12,0,310,0,0,동문동,134,2,0,0,0,0,234,43,0,273,426,9,0,551,541,28,153,680,0,871,517,450,806,374,0,0
177,서산시,180,0,64,44,18,31,0,69,131,388,0,0,충청남도,12,2024,1,0,47,0,0,33,0,0,부석면,996,4,0,0,0,0,23,0,0,23,53,0,0,21,20,17,49,54,0,30,132,34,92,96,0,2
1080,서산시,1142,0,517,1029,268,231,0,176,1106,740,0,0,충청남도,24,2024,44,0,1078,12,0,343,0,0,석림동,512,3,0,0,0,0,1171,0,0,71,2861,0,0,282,475,809,919,569,0,347,1538,1271,651,2430,0,4
685,서산시,3387,0,1087,410,315,422,0,1428,601,3243,0,0,충청남도,935,2024,38,0,1287,209,0,291,0,0,성연면,4095,7,0,0,0,0,610,145,0,190,910,260,0,416,766,1216,1266,649,0,126,1023,1175,1354,1013,0,4
275,서산시,187,0,29,107,27,31,0,19,155,157,0,0,충청남도,4,2024,17,0,33,7,0,16,0,0,수석동,432,84,0,0,0,0,136,0,0,19,161,17,0,16,118,70,21,18,0,27,424,102,50,91,0,0
184,서산시,382,0,225,263,138,253,0,160,160,465,0,0,충청남도,37,2024,68,0,128,29,0,100,0,0,예천동,667,75,0,0,0,0,485,84,0,62,204,84,0,187,271,152,116,105,0,103,112,482,85,214,0,2
7,서산시,26,0,13,19,3,73,0,5,4,0,0,0,충청남도,0,2024,1,0,3,5,0,20,0,0,운산면,109,0,0,0,0,0,19,0,0,1,25,12,0,21,3,0,22,7,0,17,41,11,48,8,0,0
0,서산시,0,0,0,0,0,0,0,0,0,0,0,0,충청남도,0,2024,0,0,0,0,0,0,0,0,음암면,0,0,0,0,0,0,1,0,0,0,0,0,0,0,0,0,1,2,0,0,0,0,0,12,0,0
422,서산시,325,0,0,1,6,41,0,3,0,14,0,0,충청남도,0,2024,0,0,3,0,0,0,0,0,인지면,191,28,0,0,0,0,1,0,0,9,28,0,0,3,4,0,33,0,0,0,72,0,9,122,0,0
78,서산시,298,0,95,85,56,38,0,272,65,172,0,0,충청남도,106,2024,4,0,200,51,0,131,0,0,지곡면,53,778,0,0,0,0,44,32,0,8,25,48,0,32,11,18,2,48,0,11,29,47,141,14,0,32
211,서산시,34,0,90,14,0,4,0,0,8,385,0,0,충청남도,0,2024,0,0,0,0,0,3,0,0,팔봉면,148,75,0,0,0,0,5,0,0,2,3,0,0,2,1,2,2,5,0,0,55,17,0,8,0,2
68,서산시,64,0,9,37,19,28,0,32,79,497,0,0,충청남도,4,2024,1,0,38,50,0,11,0,0,해미면,222,25,0,0,0,0,188,0,0,6,38,24,0,13,4,1517,52,31,0,80,12,26,26,60,0,0
118,서천군,38,0,0,17,8,0,0,4,124,28,0,0,충청남도,1,2024,0,0,4,1,0,11,0,0,기산면,128,0,0,0,0,0,71,0,0,1,1,0,0,3,29,1,0,7,0,20,12,5,2,15,0,0
21,서천군,58,0,50,1,3,0,0,1,23,49,0,0,충청남도,0,2024,0,0,26,0,0,2,0,0,마산면,15,0,0,0,0,0,8,0,0,0,10,0,0,2,0,8,7,0,0,10,25,1,4,116,0,0
741,서천군,300,0,135,415,462,2009,1,517,422,230,25,0,충청남도,43,2024,199,0,233,150,0,298,0,94,마서면,1141,88,0,0,0,0,88,20,0,383,504,90,2,213,975,152,77,83,0,311,212,239,79,236,0,23
316,서천군,71,0,10,19,16,4,0,0,12,162,0,0,충청남도,0,2024,0,0,0,0,0,0,0,0,문산면,204,1,0,0,0,0,41,0,0,2,0,0,0,0,6,3,0,1,0,1,103,44,20,13,0,0
16,서천군,39,0,0,31,0,0,0,3,0,38,0,0,충청남도,0,2024,0,0,6,0,0,4,0,0,비인면,60,0,0,0,0,0,10,0,0,0,3,0,0,5,0,0,2,2,0,0,4,2,1,6,0,0
110,서천군,157,0,7,57,2,4,0,5,27,240,0,0,충청남도,2,2024,3,0,14,0,0,5,0,0,서면,232,16,0,0,0,0,48,1,0,9,23,4,0,3,22,6,2,4,0,1,51,24,3,32,0,0
1717,서천군,218,0,172,1660,383,495,0,1174,2412,135,289,0,충청남도,130,2024,382,0,1011,642,0,643,0,729,서천읍,1194,20,0,0,0,0,426,36,0,114,1474,73,29,66,1326,15,132,93,0,497,465,409,106,292,0,5
1,서천군,21,0,0,1,0,5,0,1,5,130,0,0,충청남도,0,2024,0,0,0,0,0,3,0,0,시초면,4,0,0,0,0,0,1,0,0,1,0,0,0,0,13,0,1,0,0,0,0,5,0,5,0,0
1700,서천군,2113,0,1097,1630,766,629,0,1169,1648,1377,22,0,충청남도,818,2024,656,0,1389,658,0,1082,0,192,장항읍,1600,198,0,0,0,0,1367,704,0,1309,2900,450,0,769,1465,1135,1221,796,0,826,2044,2189,921,3075,0,72
90,서천군,154,0,73,48,35,6,0,21,9,96,0,0,충청남도,20,2024,0,0,39,2,0,16,0,0,종천면,212,0,0,0,0,0,196,0,0,10,40,0,0,19,79,14,15,7,0,19,98,96,29,49,0,0
234,서천군,71,0,2,60,12,2,0,74,11,87,0,0,충청남도,116,2024,0,0,43,1,0,5,0,0,판교면,334,0,0,0,0,0,17,0,0,0,110,0,0,25,29,4,0,0,0,1,77,1,53,3,0,0
3,서천군,21,0,0,6,0,0,0,0,102,197,0,0,충청남도,0,2024,0,0,0,0,0,8,0,0,한산면,0,0,0,0,0,0,7,0,0,0,8,0,0,9,0,0,0,1,0,2,0,0,0,0,0,0
15,서천군,26,0,1,1,1,0,0,0,1,224,0,0,충청남도,0,2024,0,0,0,0,0,0,0,0,화양면,45,0,0,0,0,0,29,0,0,0,0,0,0,0,1,16,0,2,0,1,7,1,0,0,0,0
27559,아산시,33004,0,32758,29467,24611,63495,24,30845,37398,47000,2242,0,충청남도,20723,2024,16503,0,57864,14816,55,27544,0,3247,권곡동,43079,17036,0,2,0,0,28895,15878,0,19937,89900,11522,338,28622,29219,50839,44774,25335,0,29930,33352,37520,29080,61577,0,6230
362,아산시,374,0,288,252,227,407,0,127,155,732,0,0,충청남도,97,2024,24,0,86,37,0,193,0,1,기산동,451,90,0,0,0,0,213,21,0,83,52,46,0,173,103,170,366,198,0,270,296,232,204,458,0,459
0,아산시,14,0,3,1,5,0,0,5,15,10,0,0,충청남도,0,2024,0,0,3,0,0,0,0,0,남동,1,1,0,0,0,0,4,0,0,0,5,0,0,131,32,0,21,38,0,9,3,6,2,44,0,0
6539,아산시,10731,0,3536,5824,4890,7272,0,3883,7176,10073,4,0,충청남도,2438,2024,1732,0,4405,1851,0,3927,0,720,도고면,10847,2840,0,0,0,0,5902,1408,0,3198,5041,1126,0,6113,5023,5986,4268,5399,0,5349,6569,6340,5027,4929,0,970
38187,아산시,38401,0,40002,33595,22614,24718,0,37339,31184,37862,1017,0,충청남도,25162,2024,20003,0,41311,26411,0,30847,0,3743,둔포면,43699,13034,0,1,0,0,28874,9900,0,16758,32879,13606,0,23395,30155,21662,27764,21830,0,24465,28843,36481,25532,24226,0,4487
8039,아산시,10190,0,8877,5857,3924,6463,0,7899,6990,17401,235,0,충청남도,5701,2024,3098,0,11073,5022,0,5498,0,970,득산동,14094,3828,0,0,0,0,7097,1581,0,3726,5381,4029,0,3647,6493,6139,8409,5034,0,5855,7301,6857,5740,6827,0,1152
77568,아산시,71264,0,89753,88968,68522,84856,364,78482,83846,104478,9826,0,충청남도,52787,2024,63330,0,107039,38359,674,72139,0,11174,모종동,103175,29158,0,127,0,0,86019,54205,0,71184,123379,31810,1681,67709,94674,76445,86399,69591,0,68519,85965,109870,76095,102154,0,14653
18872,아산시,19523,0,15881,18516,12849,20267,0,13560,20466,27049,943,0,충청남도,9799,2024,7747,0,20652,6956,16,14771,0,1224,방축동,24706,7114,0,2,0,0,20584,5679,0,8581,33283,5294,0,12358,13792,18757,19354,15422,0,15663,21525,18698,15496,35351,0,2628
11969,아산시,9011,0,5586,8737,6047,7394,0,4724,8792,12672,69,0,충청남도,3022,2024,1396,0,5709,2431,0,6232,0,446,배미동,12338,2189,0,0,0,0,12238,691,0,2021,7493,2367,0,5026,4966,4814,7207,6322,0,7529,8372,6063,7005,9782,0,507
254020,아산시,288068,1590,352844,304659,229246,323338,58563,350881,283549,347719,142439,7407,충청남도,249007,2024,215671,2396,317205,196459,26667,233870,1271,104308,배방읍,388596,114918,968,21722,778,633,267676,203533,11916,305405,389400,164933,45637,249546,402945,233560,273925,218468,1839,247262,303345,375141,257659,388735,24,106815
2593,아산시,3150,0,2264,1806,1135,1600,0,2260,2217,6306,60,0,충청남도,1518,2024,443,0,2657,1266,0,1755,0,481,법곡동,6126,1653,0,0,0,0,2549,242,0,818,2324,1331,0,1237,1375,1726,2072,1694,0,1767,2452,1620,1676,1645,0,516
5501,아산시,7205,0,2733,2928,3576,5014,0,1704,4123,8397,3,0,충청남도,1167,2024,667,0,2396,793,0,2499,0,295,선장면,11241,1351,0,0,0,0,3521,166,0,1387,2406,485,0,3781,2375,3734,2581,3445,0,3694,3480,2559,3250,2204,0,454
6717,아산시,12080,0,4659,6031,3937,6250,0,2905,5558,10252,4,0,충청남도,1972,2024,946,0,6950,1419,0,4097,0,472,송악면,8229,2378,0,0,0,0,6464,75,0,1246,10417,562,0,5555,3649,4006,5412,5696,0,4480,6151,6096,4844,7724,0,819
781,아산시,92,0,96,78,119,95,13,55,97,389,24,0,충청남도,29,2024,31,0,108,25,0,65,0,34,신동,68,3,0,0,0,0,85,35,0,24,85,22,3,128,93,139,213,54,0,47,116,218,72,260,0,11
7719,아산시,8028,0,6308,8053,5416,7582,4,6377,8219,15597,299,0,충청남도,4277,2024,4856,0,8153,3836,8,6100,0,509,신인동,9906,6599,0,2,0,0,7599,2689,0,5539,9609,2928,9,5099,7011,7502,6652,5242,0,5804,8145,8697,6050,10142,0,1715
90003,아산시,86436,6,69426,108151,93965,142316,8806,84253,85272,146866,10556,39,충청남도,61724,2024,41559,3613,84839,56528,7511,62295,0,36997,신창면,114778,44459,0,1530,0,0,83653,37292,7664,51194,139118,52596,22037,85619,114499,78413,68634,75434,0,76040,102893,113866,75503,103652,25,18555
4979,아산시,6008,0,4205,4217,2729,5593,14,3186,4483,10048,150,0,충청남도,2766,2024,1336,0,4576,1771,0,3271,0,268,실옥동,9692,1865,0,0,0,0,4893,730,0,2049,5588,1251,7,2932,3800,4433,4344,3255,0,4064,5219,4564,3973,5017,0,462
12202,아산시,16491,0,10924,11198,8238,12117,1,7978,13193,29125,163,0,충청남도,6206,2024,2250,0,10419,4242,0,8812,0,406,염치읍,17408,4105,0,0,0,0,13405,892,0,4203,11550,2566,1,8492,8176,9906,11866,11273,0,11461,12528,12040,10592,12275,0,1758
14429,아산시,16615,0,10165,9962,8927,13471,0,8579,11503,13743,313,0,충청남도,5882,2024,3216,0,12081,5455,0,8740,0,1373,영인면,18449,5614,0,0,0,0,11545,1193,0,3471,12477,2921,1,9390,9037,7263,9971,11146,0,11182,10819,11172,10158,11342,0,1522
293452,아산시,254467,12,294407,382314,348299,298930,14621,259265,380444,223426,39709,257,충청남도,181679,2024,136595,9033,320413,133620,23330,270546,0,63401,온천동,255029,95336,0,6537,0,0,341200,109130,11176,180941,430368,112881,38951,323661,317154,218551,302677,380379,2,335786,384801,328399,327340,427455,49,69451
28810,아산시,34638,0,32448,26536,20067,34587,0,27379,32429,50959,2814,0,충청남도,19555,2024,13019,0,45067,13044,18,21601,0,4440,용화동,49099,20037,0,7,0,0,27492,12168,0,17388,56638,11591,6,19803,25489,29765,39487,21771,0,26442,32783,32013,25915,49728,0,6637
27788,아산시,37437,0,25325,21628,14631,30204,0,22528,25269,45114,515,0,충청남도,19045,2024,10797,0,28161,13131,0,15680,0,2036,음봉면,45796,10749,0,0,0,0,30794,5793,0,14816,33467,11454,2,15617,23493,24598,23381,16758,0,16563,29616,34390,19664,29767,0,3807
10474,아산시,10977,0,4550,9117,6999,7854,0,3691,10141,6552,40,0,충청남도,2858,2024,1900,0,4884,1649,0,5740,0,401,읍내동,10606,3628,0,0,0,0,10186,518,0,3680,5595,1462,0,7414,5348,3591,5474,6506,0,6685,9442,5620,6566,7879,0,1049
11505,아산시,12085,0,6276,7170,6395,7056,0,5896,10122,13282,54,0,충청남도,3324,2024,2064,0,7792,4006,0,7089,0,1514,인주면,17595,3801,0,0,0,0,9634,392,0,1905,8575,1795,0,4491,4484,5493,5495,6979,0,7602,6493,4809,6427,6884,0,1703
8184,아산시,11799,0,5842,6248,4233,4417,0,3398,5508,14315,25,0,충청남도,2890,2024,859,0,6831,1881,0,5181,0,796,장존동,9902,4664,0,0,0,0,7252,112,0,1418,4647,1052,0,5136,2418,6478,4552,4188,0,4637,4605,3133,4313,3649,0,1864
11,아산시,206,0,0,0,8,0,0,0,48,175,0,0,충청남도,0,2024,0,0,0,0,0,3,0,0,점양동,0,0,0,0,0,0,0,0,0,4,0,5,0,129,0,36,13,0,0,58,0,0,0,0,0,0
425,아산시,538,0,651,308,574,735,0,449,459,588,0,0,충청남도,283,2024,30,0,715,291,0,491,0,66,좌부동,464,394,0,0,0,0,771,30,0,58,439,318,0,316,273,360,1009,460,0,475,385,348,439,457,0,106
720,아산시,1105,0,477,1115,597,956,0,484,271,461,0,0,충청남도,314,2024,244,0,438,275,0,728,0,0,초사동,1830,404,0,0,0,0,803,83,0,242,566,157,0,374,683,214,407,659,0,325,1037,480,682,437,0,195
59878,아산시,64353,1,91857,71057,43343,75219,11579,96173,66460,102560,23210,733,충청남도,71110,2024,43026,591,80871,54760,12665,45243,0,26191,탕정면,88096,28862,0,2443,0,0,59569,37410,3388,62199,90952,46135,20409,50552,90508,62987,56833,43893,0,47598,72963,98735,55981,87475,8,13601
14502,아산시,16306,0,13431,12937,8838,9208,0,11779,14210,27801,2931,0,충청남도,8334,2024,7448,0,16201,6032,1,10430,0,1826,풍기동,22000,6143,0,0,0,0,14944,6591,0,9243,15274,5025,5,8702,13838,10284,12876,9222,0,9880,14477,17022,11684,13390,0,1553
1858,예산군,318,0,584,107,581,390,0,514,706,1606,1,0,충청남도,53,2024,7,0,858,43,0,462,0,14,고덕면,1176,0,0,0,0,0,187,4,0,14,216,5,0,41,605,940,220,94,0,461,2385,641,1067,773,0,0
1020,예산군,1380,0,85,495,139,945,0,459,285,332,0,0,충청남도,144,2024,0,0,220,1,0,134,0,0,광시면,2346,0,0,0,0,0,586,0,0,177,530,0,0,19,620,12,24,122,0,90,663,132,89,47,0,0
2508,예산군,5356,0,502,1604,395,273,0,663,1562,2852,0,0,충청남도,78,2024,353,0,1564,132,0,429,0,0,덕산면,2107,392,0,0,0,0,2753,13,0,674,1336,6,0,1014,1685,817,346,456,0,1076,1970,1113,565,1220,0,8
489,예산군,1734,0,31,0,31,5,0,28,153,19,0,0,충청남도,9,2024,1,0,36,0,0,0,0,0,봉산면,31,0,0,0,0,0,7,0,0,39,125,0,0,41,85,10,0,0,0,31,25,365,9,0,0,0
2157,예산군,3446,0,1556,1457,1068,1635,0,1283,1376,2429,647,0,충청남도,1120,2024,1104,0,1975,800,0,601,0,296,삽교읍,3660,728,0,0,0,0,2370,97,0,1046,4745,294,0,752,1547,825,1266,713,0,684,3091,1818,943,2862,0,37
0,예산군,509,0,0,0,0,42,0,21,30,132,0,0,충청남도,0,2024,13,0,97,83,0,0,0,0,신암면,97,0,0,0,0,0,0,0,0,0,121,0,0,72,1,6,49,0,0,32,296,0,67,8,0,0
37,예산군,508,0,0,0,14,0,0,0,34,0,0,0,충청남도,9,2024,0,0,29,0,0,0,0,0,신양면,0,0,0,0,0,0,190,0,0,5,11,0,0,3,5,0,3,2,0,14,7,0,19,24,0,0
8,예산군,1206,0,2,0,2,176,0,60,430,0,0,0,충청남도,0,2024,452,0,473,139,0,0,0,0,예산읍,5,0,0,0,0,0,382,0,0,0,1374,1,0,564,201,0,0,165,0,132,393,0,373,0,0,0
11306,천안시,14914,0,7583,11851,10394,9249,1,5844,9892,16838,314,0,충청남도,4211,2024,1283,0,8642,2654,7,7673,0,1228,광덕면,11209,6488,0,0,0,0,15731,865,0,2742,12106,2532,1,9062,6393,6126,8028,9319,0,8775,13532,8078,8433,11208,0,2378
2012,천안시,2192,0,3508,2464,1781,3204,35,3777,2299,4007,759,0,충청남도,2573,2024,1170,0,4226,1738,0,2581,0,1342,구룡동,2521,1424,0,0,0,0,3152,590,0,1496,3277,1706,354,2383,2570,2653,3418,2651,0,2455,2354,3565,2362,2528,0,843
55712,천안시,66037,0,55848,52476,36181,54694,550,55716,58867,73941,19004,1,충청남도,33800,2024,27659,6,65151,27153,93,41727,2,17020,구성동,85936,35718,1,3,0,0,55110,26546,0,35481,81601,24151,881,40442,58202,41953,51577,39138,0,43264,58553,64076,44756,66327,1,17517
22743,천안시,26467,201,22697,19230,14854,18156,352,22101,20710,30191,2422,239,충청남도,14548,2024,6601,0,24943,12333,2,16840,78,6328,다가동,35519,14134,146,0,57,17,21246,4412,567,9874,17456,10871,916,16111,16208,14142,20058,15755,146,16559,22759,19170,17690,19274,0,5553
240537,천안시,278665,332,356259,362474,242654,255532,33594,343110,301786,206518,95066,2335,충청남도,224696,2024,194576,19896,297010,176786,38642,266443,289,92856,대흥동,217080,99395,254,9881,145,95,287459,155383,29682,251665,408321,130388,46092,273122,357357,148192,286849,275061,483,285318,286534,382478,281933,368108,59,66325
4978,천안시,7542,0,1921,1422,2929,1367,0,2432,2627,2985,16,0,충청남도,1234,2024,186,0,2910,1023,0,2651,0,106,동면,8404,3085,0,0,0,0,3372,45,0,1042,2304,388,0,2246,808,1195,3241,2975,0,2174,3330,2014,4665,885,0,414
389319,천안시,475507,4147,557164,402867,331346,468044,55406,638378,449393,498663,208849,9131,충청남도,475468,2024,308371,12845,516393,361872,67517,358994,3139,276593,두정동,576521,224139,2222,19495,1236,1747,377424,292547,38394,385349,602973,315262,128284,412921,568883,316579,410370,324939,4238,383751,445041,571289,383417,485326,60,109243
83933,천안시,93800,0,67507,68320,43870,60982,262,53408,74739,145469,9775,0,충청남도,41222,2024,26747,10,86438,32763,221,49727,0,20442,목천읍,118010,39823,0,54,6,7,73766,19220,0,31862,86645,28687,2407,42641,56764,56525,65296,43644,0,52649,81155,71072,56341,80819,2,14757
10252,천안시,11619,108,10041,8721,9035,11395,252,8910,9048,8681,1503,94,충청남도,6467,2024,3056,0,11459,4997,2,9482,22,3375,문화동,11493,2586,85,0,188,7,8639,2467,311,4184,11584,4363,1202,9700,9944,6584,10426,8520,26,8635,9708,10097,11014,9764,0,2623
79946,천안시,94984,409,89429,82085,47597,92944,1598,91518,88527,112616,24947,328,충청남도,71829,2024,52295,0,90904,56449,125,59992,112,37419,백석동,131294,37585,217,15,125,55,76301,49997,1306,65998,108657,52735,5337,54146,115029,70088,73847,45237,414,57204,86223,111163,60913,102573,0,20824
38320,천안시,35134,0,27755,46444,34970,44796,54,23872,57961,33542,3975,0,충청남도,20591,2024,15092,0,34028,12969,21,30000,0,7930,병천면,35272,14076,0,0,4,12,41168,8607,0,20065,50727,10905,2146,30850,31744,25594,26465,33711,0,37422,45599,36983,33724,40344,0,12085
73795,천안시,76515,2,67801,64156,51740,84547,7323,62350,69968,72275,14113,221,충청남도,43422,2024,28968,240,59094,34306,16515,49294,6,25778,봉명동,85654,41461,0,5237,0,0,73395,21866,2587,36948,98103,30135,11015,68944,61924,78269,56070,45138,0,47286,67999,85650,56923,76656,12,17486
4748,천안시,4906,0,5471,5718,4945,8900,36,5980,6034,4086,676,0,충청남도,4413,2024,2203,0,6368,4065,19,4349,0,2420,부대동,5685,1574,0,2,0,0,4512,1974,0,2638,12781,4068,29,7840,5384,6842,5941,4151,0,5256,5889,9520,5977,11223,0,1820
12503,천안시,18689,0,9175,10131,8357,7325,36,9286,13205,15158,1179,0,충청남도,6870,2024,3856,0,11968,5669,0,8398,0,2518,북면,20617,9027,0,0,1,3,13458,2302,0,5278,9757,4435,685,7814,5916,5339,10260,8304,0,9797,11703,9184,8772,10557,0,2279
103229,천안시,109092,3916,184922,149998,109345,177758,25009,176465,140995,123949,118082,18031,충청남도,136134,2024,187581,0,184563,86075,25,135341,6189,54937,불당동,145442,43213,2103,1,1454,2404,116796,179688,9515,167807,239746,78497,17534,146013,234062,104528,155754,107273,8849,125010,146452,214885,142332,196838,0,29504
86016,천안시,55657,0,46500,120936,85684,36859,128,30121,124016,23106,3928,0,충청남도,15912,2024,14864,0,65348,9233,2,81222,0,3482,사직동,31205,10484,0,4,0,0,111602,7889,0,29656,119908,6834,165,69377,58950,22396,78327,96377,0,90576,129643,97982,89977,131054,3,7197
16637,천안시,18799,0,18742,20701,17325,42250,182,17082,37459,19096,3951,0,충청남도,10515,2024,9887,1,27017,8186,18,13711,2,5576,삼룡동,18915,6111,2,1,0,0,20648,9450,0,11275,65211,8327,409,24719,28153,29277,19840,16344,0,17991,43377,35423,16900,42036,1,6819
64525,천안시,75202,8,72041,54625,32557,47368,483,62120,57686,112902,11899,0,충청남도,43106,2024,29602,3,63399,35810,3,43429,0,19118,성거읍,90096,55445,0,1,0,0,56026,20302,0,36969,60444,28393,2356,32241,63146,44707,51344,31851,42,38028,57995,68201,43892,56437,5,24840
9581,천안시,11006,0,7687,5236,6064,9241,4,5981,6220,12299,346,0,충청남도,4239,2024,2209,0,7170,4039,0,4653,0,1431,성남면,12377,4919,0,0,0,0,9826,1619,0,5712,9012,2795,62,6801,9632,8250,7096,4922,0,6669,10062,17121,5945,8540,0,3092
19650,천안시,26282,0,27741,24876,12236,31485,106,28449,25685,39617,11449,0,충청남도,21020,2024,18642,0,28731,15826,898,16769,0,10296,성성동,30004,13589,8,155,0,0,19954,14490,0,27733,46670,13983,908,16948,35813,23655,22490,12546,0,17355,24417,45478,18169,30475,0,12548
129765,천안시,153315,2,130787,124699,97871,120122,4169,142896,121895,149331,33775,3,충청남도,105648,2024,65758,5,134502,84409,53,101477,3,46353,성정동,177237,80414,3,14,0,0,123242,61154,0,87152,130295,77212,6847,107145,134012,64834,117556,93606,2,96273,127568,133110,108593,128214,6,29289
170620,천안시,192847,20,205376,211367,183349,299449,12292,189854,203029,212772,55507,1022,충청남도,154304,2024,118153,568,183851,133242,27796,142828,4,102406,성환읍,194614,81052,4,10283,0,0,175654,85702,14054,151619,340877,120968,63498,304960,255285,240209,158558,149038,2,189210,227857,364135,186975,263338,3,56710
7867,천안시,9291,88,9997,9544,7714,37658,166,8325,14119,8313,2546,44,충청남도,5463,2024,5178,0,18578,3764,2,7956,27,1666,성황동,10690,5164,49,1,12,7,8461,6754,135,6792,55900,3657,375,12958,13085,25162,11939,6996,40,8568,13088,19399,9719,30130,2,2021
3823,천안시,6820,0,4691,2898,2282,4265,0,2359,4597,5557,211,0,충청남도,3658,2024,1348,0,2902,2122,0,2360,0,1351,수신면,12505,3824,0,0,0,0,7221,575,0,2874,2832,1919,0,2758,3605,4381,5435,5192,0,4626,5083,8142,4215,4216,0,2549
22572,천안시,19282,2,20750,39570,20593,57854,350,16191,38735,19582,5389,0,충청남도,12076,2024,16651,1,20855,10718,187,16817,5,5210,신당동,18189,8053,17,13,0,0,25317,9857,0,23107,74600,10069,90,26758,49762,40397,19329,16433,2,21554,35148,69140,22832,57920,7,10137
88531,천안시,113636,0,102969,79733,44897,68111,4191,104439,90765,134665,32086,0,충청남도,80407,2024,48512,0,104101,59490,0,62354,0,40953,신방동,141978,49143,0,0,0,0,78566,46712,0,62593,110181,56964,4410,52595,100280,52096,81365,47932,0,57614,92363,100235,62829,97447,0,16250
361397,천안시,384746,1217,560556,518775,419675,404340,30205,549775,462871,352448,349536,7808,충청남도,379622,2024,614629,1,597796,259831,10137,500849,2036,128585,신부동,421941,174963,910,1652,402,971,400674,548514,2850,624501,745117,212336,15785,438238,735551,307986,537438,454703,4940,507769,499756,718663,526247,631491,1,134677
281496,천안시,308237,2179,319713,293352,216560,280538,16478,316586,325245,324947,86867,2319,충청남도,235907,2024,158672,1213,312709,178705,35027,222193,865,128199,쌍용동,394528,164051,1361,4813,697,526,301358,134415,12968,205536,384552,162905,47390,240726,322113,153844,270449,209983,1295,247184,320267,354192,237419,350992,14,58296
107360,천안시,84324,0,85506,179599,134996,147699,1704,89024,165373,69635,37245,9,충청남도,80411,2024,81749,0,81779,81024,798,86307,4,86820,안서동,76000,35022,2,60,0,0,143931,63981,53,109775,236749,91823,10939,150496,182124,58319,78047,102185,0,114392,166652,218607,100560,223534,0,27854
1548,천안시,1928,0,2087,2094,1295,7133,0,1985,2801,3915,112,0,충청남도,2242,2024,730,0,1825,1234,0,1184,0,462,업성동,1112,943,0,0,0,0,1397,598,0,1665,4925,851,1,1415,3110,5163,1683,1017,0,1665,2943,6137,1647,3885,0,2228
47847,천안시,49928,475,44338,52596,61102,48216,1072,36576,52351,44502,8540,547,충청남도,23655,2024,19886,0,53840,17201,14,55511,182,9576,영성동,52335,24819,332,2,280,43,51903,15324,876,29170,60428,14683,1403,54383,44345,33909,55960,67311,371,61244,57446,56742,61799,56222,3,13509
4031,천안시,4461,122,4163,4491,5046,4935,154,3780,4930,2439,605,151,충청남도,2487,2024,1734,0,5306,1738,21,4939,36,1465,오룡동,4338,1494,129,1,42,105,4653,908,206,2931,6000,1447,287,5732,4582,3101,4891,5655,52,4836,5058,5229,5113,5101,0,895
11243,천안시,11773,0,13140,15921,14956,16702,742,12462,12363,9378,5917,0,충청남도,7617,2024,14813,0,14094,5769,0,12150,0,2535,와촌동,12649,2158,0,0,0,0,12450,10936,0,15287,18136,4718,298,14797,24668,12764,13263,14940,0,13742,13323,22595,12436,14395,0,5141
14380,천안시,14872,0,12689,11179,3951,4107,163,10691,13856,19732,3144,0,충청남도,8229,2024,5367,0,12233,5861,2,6209,0,5673,용곡동,15804,3793,0,0,0,0,11948,5144,0,7080,12608,5464,320,2838,11127,4336,9184,3820,0,6275,13237,14361,6635,12699,0,875
59039,천안시,71635,244,61337,55869,44358,85352,1613,59390,66628,76400,13892,311,충청남도,38999,2024,32090,2,78957,30442,97,47214,159,15866,원성동,90064,43803,206,35,120,58,55383,30078,580,40976,117295,27934,2599,50252,68195,55379,64883,46778,271,50967,68522,71741,52206,93579,2,16546
5445,천안시,2825,0,2340,4664,3734,4240,0,1875,3078,3984,237,0,충청남도,2311,2024,857,0,3463,977,0,1928,0,588,유량동,4430,2252,0,0,0,0,3807,1488,0,1173,4790,1087,0,4548,3987,2700,2711,1752,0,2769,3547,3461,2996,4830,0,757
34041,천안시,28070,0,31184,23806,22891,34100,13,34094,28813,51998,2376,0,충청남도,22415,2024,14473,0,31967,16608,16,20700,0,4467,입장면,42739,20621,0,7,0,0,28689,10079,0,19310,33155,13397,1160,18417,36281,35180,27225,21176,0,22593,28811,31340,22114,26075,0,14453
56648,천안시,69933,3,70560,49513,36310,73962,2444,68732,54697,108325,11864,332,충청남도,51860,2024,28405,963,64320,37729,9927,39991,14,21918,직산읍,87707,54903,1,4023,0,0,56713,24571,1982,37122,57233,32623,11564,38291,82702,70229,48455,34222,1,38188,52512,81614,39206,54877,30,33959
8099,천안시,8939,0,13201,7040,3769,6680,9,10750,8591,20269,1185,0,충청남도,9530,2024,3867,0,13772,6130,0,5539,0,4276,차암동,10071,6171,0,0,0,0,6658,2781,0,9076,12026,5666,686,3927,9670,12005,10921,4259,0,5370,8031,10614,7086,10942,0,4457
55857,천안시,61975,0,66477,56897,29582,60065,2784,62157,58173,84950,24673,0,충청남도,45283,2024,33512,0,74105,32105,8,42266,0,21489,청당동,76699,20309,0,0,0,0,59631,33652,0,42612,78624,34518,3687,38450,81194,38845,57254,33197,0,41579,58246,71276,45972,68423,0,8569
15316,천안시,21017,0,14743,14380,8171,16873,221,14867,16873,18950,2879,1,충청남도,10452,2024,5946,0,17205,8142,5,10507,0,4822,청수동,20653,7026,0,1,0,0,14741,6499,0,9868,27215,8055,373,7797,14570,11171,14018,9543,0,10104,16568,17908,10736,20078,0,1997
14496,천안시,15397,0,13122,11463,6103,8016,2,9973,9919,20076,1072,0,충청남도,7505,2024,3229,0,10168,6116,0,7661,0,3267,풍세면,15104,8317,0,0,0,0,11352,2071,0,4077,10147,5444,0,6564,9468,7036,8331,5787,0,6693,9375,11964,8004,10319,0,3659
697,청양군,964,0,37,261,70,59,0,32,388,1609,0,0,충청남도,16,2024,5,0,34,7,1,102,0,0,남양면,1752,70,0,0,0,0,531,0,0,42,130,0,0,91,75,60,72,107,0,77,489,64,56,171,0,7
2456,청양군,2459,0,1670,2827,481,738,0,1232,3003,4325,7,0,충청남도,1044,2024,689,0,671,441,0,1375,0,219,대치면,3845,205,0,0,0,0,1796,2865,0,2944,3794,928,0,598,3671,1447,348,690,0,1056,3103,4024,905,2597,0,21
224,청양군,106,0,2,1,22,0,0,1,6,807,0,0,충청남도,8,2024,0,0,40,2,0,0,0,0,목면,6,2,0,0,0,0,9,0,0,0,10,0,0,14,0,13,4,2,0,2,20,6,2,1,0,8
475,청양군,599,0,29,291,14,6,0,41,307,969,0,0,충청남도,135,2024,9,0,32,2,0,34,0,0,비봉면,635,0,0,0,0,0,111,0,0,28,26,0,0,15,24,87,26,5,0,44,381,89,41,204,0,0
899,청양군,2704,0,1070,2124,51,1385,0,812,734,3120,0,0,충청남도,188,2024,282,0,1078,177,0,466,0,2,운곡면,2725,49,0,0,0,0,563,331,0,311,4198,69,0,285,1523,475,162,36,0,82,699,1063,48,959,0,1
85,청양군,2143,0,29,118,0,15,0,4,138,584,0,0,충청남도,31,2024,1,0,41,1,0,26,0,0,장평면,400,0,0,0,0,0,778,0,0,15,270,0,0,50,13,3,43,78,0,51,547,8,41,362,0,0
3393,청양군,4190,0,146,1735,768,760,0,573,1964,2414,0,0,충청남도,411,2024,14,0,174,29,0,183,0,0,정산면,4303,395,0,0,0,0,1995,0,0,1018,2800,0,0,1196,2300,1000,439,99,0,413,3769,1835,483,3082,0,159
1035,청양군,204,0,70,45,62,14,0,21,27,710,0,0,충청남도,1,2024,0,0,7,0,0,87,0,0,청남면,171,0,0,0,0,0,167,0,0,20,6,0,0,18,68,9,33,5,0,54,603,116,76,92,0,0
18652,청양군,17921,0,1140,15076,2043,2928,0,1075,20073,12950,0,0,충청남도,702,2024,134,0,1227,282,12,1655,0,0,청양읍,14133,2759,0,0,0,0,17350,0,0,5041,12999,0,0,2269,8536,2374,1306,1263,0,1436,15804,14420,1240,14582,0,83
747,청양군,3083,0,201,501,30,119,0,113,1230,1640,0,0,충청남도,171,2024,40,0,130,17,0,58,0,0,화성면,1748,256,0,0,0,0,432,0,0,47,374,8,0,186,65,17,63,61,0,126,745,616,163,47,0,2
1626,태안군,1948,0,0,984,0,0,0,0,1741,4463,0,0,충청남도,0,2024,1,0,0,0,0,0,0,0,고남면,4355,320,0,0,0,0,1205,0,0,141,713,0,0,0,229,0,0,0,0,0,1001,1050,0,381,0,0
6395,태안군,13067,0,0,3382,0,0,0,0,4760,6395,0,0,충청남도,0,2024,339,0,0,0,0,0,0,0,근흥면,5459,745,0,0,0,0,3936,0,0,753,3385,0,0,0,1299,0,0,0,0,0,5929,2527,0,3140,0,0
4301,태안군,6246,0,0,3655,0,0,0,0,2272,5600,0,0,충청남도,0,2024,198,0,0,0,0,0,0,0,남면,7664,888,0,0,0,0,6465,0,0,582,2083,0,0,0,1053,0,0,0,0,0,5210,3413,0,3823,0,0
7394,태안군,7630,0,0,3041,0,0,0,0,6112,8217,0,0,충청남도,0,2024,956,0,0,0,0,0,0,0,소원면,10836,998,0,0,0,0,4968,0,0,478,8902,0,0,0,1877,0,0,0,0,0,6008,3529,0,7110,0,0
16357,태안군,15249,0,0,9407,0,0,0,0,12924,13508,0,0,충청남도,0,2024,7,0,0,0,0,0,0,0,안면읍,14979,1249,0,0,0,0,13317,0,0,4103,10136,0,0,0,8775,0,0,0,0,0,14382,8441,0,9387,0,0
5817,태안군,8818,0,0,5027,0,0,0,0,6172,5383,0,0,충청남도,0,2024,198,0,0,0,0,0,0,0,원북면,9354,422,0,0,0,0,6491,0,0,445,4365,0,0,0,2060,0,0,0,0,0,6276,3671,0,4403,0,0
1197,태안군,3237,0,0,769,0,0,0,0,311,2463,0,0,충청남도,0,2024,119,0,0,0,0,0,0,0,이원면,3449,273,0,0,0,0,1652,0,0,459,328,0,0,0,540,0,0,0,0,0,2045,590,0,1399,0,0
16489,태안군,17169,0,28,12741,0,1,0,5,13788,10516,0,0,충청남도,0,2024,891,0,29,0,0,0,0,0,태안읍,17285,839,0,0,0,0,11017,0,0,1586,14339,0,0,0,5318,6,0,10,0,0,13813,11153,21,12640,0,0
8336,홍성군,9993,0,945,2825,866,1594,0,850,4896,7643,0,0,충청남도,359,2024,745,0,1688,383,0,648,0,0,갈산면,7183,454,0,0,0,0,3314,571,0,489,7318,330,0,1190,1611,677,1014,524,0,939,5803,3025,1047,4977,0,35
1687,홍성군,4462,0,272,916,388,1028,0,714,4453,4651,1,0,충청남도,523,2024,59,0,886,337,0,330,0,0,결성면,5502,893,0,0,0,0,1369,47,0,254,3593,4,0,288,1333,578,679,390,0,600,2062,493,393,4563,0,7
12887,홍성군,16468,0,4208,8885,3432,5995,0,3883,6675,8119,0,0,충청남도,2812,2024,1944,0,4728,1679,0,3054,0,5,광천읍,7909,1334,0,0,0,0,9788,599,0,3361,9010,1400,0,3660,8437,4666,3253,2706,0,2613,10613,6920,3783,8380,0,98
6218,홍성군,8513,0,2038,2763,1084,802,0,1808,3647,9008,0,0,충청남도,1012,2024,595,0,2399,1096,0,1092,0,0,구항면,10791,926,0,0,0,0,3645,109,0,528,1984,414,0,729,1469,752,1995,1223,0,1203,4267,1917,1333,2249,0,16
2498,홍성군,5512,0,798,966,437,650,0,181,49,2420,0,0,충청남도,485,2024,11,0,361,0,0,569,0,0,금마면,6852,1334,0,0,0,0,3055,0,0,48,515,0,0,239,809,67,236,211,0,318,3096,829,297,700,0,24
8717,홍성군,4462,0,587,2989,1010,708,0,451,2908,7970,0,0,충청남도,552,2024,303,0,1008,210,0,508,0,0,서부면,15324,3611,0,0,0,0,5297,41,0,1987,3413,231,0,936,1557,269,994,748,0,729,5642,2618,1178,2166,0,41
2861,홍성군,3394,0,964,1075,312,376,0,506,2554,4577,0,0,충청남도,283,2024,67,0,419,335,0,528,0,0,은하면,6886,1707,0,0,0,0,2721,1,0,219,648,7,0,222,1434,186,804,399,0,525,1360,865,265,1101,0,368
3387,홍성군,5394,0,655,874,462,245,0,358,1736,5392,0,0,충청남도,404,2024,23,0,621,227,0,531,0,0,장곡면,5218,550,0,0,0,0,1907,0,0,242,923,0,0,303,659,94,401,219,0,425,1436,727,254,1189,0,37
2155,홍성군,3963,0,507,2499,311,457,0,539,1808,2829,0,0,충청남도,413,2024,27,0,640,235,0,433,0,0,홍동면,5114,30,0,0,0,0,2209,0,0,375,3440,0,0,217,745,200,419,431,0,336,1675,1875,329,1488,0,20
13306,홍성군,14049,0,8516,8450,3839,9060,0,7224,10310,18096,5133,0,충청남도,5506,2024,5581,0,8655,4565,0,4787,0,965,홍북읍,25486,3340,0,0,0,0,7142,2576,0,5558,11291,1836,0,4713,8202,5460,6601,4464,0,5123,9689,13045,4648,9425,0,581
78724,홍성군,64212,0,28951,65693,23399,32298,0,23861,75680,68048,116,0,충청남도,13678,2024,27150,0,33590,11635,1,22157,0,2583,홍성읍,60579,6517,0,0,0,0,69421,8310,0,30953,92292,6025,36,22701,55834,26418,25110,20264,0,19339,74411,66250,24156,74593,0,711
